=== xcodebuild ===
Xcode 15.4
Build version 15F31d
=== swift ===
swift-driver version: 1.90.11.1 Apple Swift version 5.10 (swiftlang-5.10.0.13 clang-1500.3.9.4)
Target: arm64-apple-macosx14.0
=== install xcodegen ===
[32m==>[0m [1mDownloading bottle manifests[0m
✔︎ Bottle Manifest xcodegen (2.46.0)
[34m==>[0m [1mWould install 1 formula:[0m
xcodegen
[32m==>[0m [1mFetching downloads for: [32mxcodegen[39m[0m
✔︎ Bottle xcodegen (2.46.0)
[34m==>[0m [1mPouring xcodegen--2.46.0.arm64_sonoma.bottle.1.tar.gz[0m
🍺  /opt/homebrew/Cellar/xcodegen/2.46.0: 38 files, 7.6MB
=== download ffmpeg libs ===
-- avcodec
-- avutil
-- avformat
-- avfilter
-- avdevice
-- swscale
-- swresample
-- fftools
.
./avformat.xcframework
./avformat.xcframework/ios-arm64_x86_64-simulator
./avformat.xcframework/ios-arm64
./fftools.xcframework
./fftools.xcframework/ios-arm64_x86_64-simulator
./fftools.xcframework/ios-arm64
./avdevice.xcframework
./avdevice.xcframework/ios-arm64_x86_64-simulator
./avdevice.xcframework/ios-arm64
./swresample.xcframework
./swresample.xcframework/ios-arm64_x86_64-simulator
./swresample.xcframework/ios-arm64
./avfilter.xcframework
./avfilter.xcframework/ios-arm64_x86_64-simulator
./avfilter.xcframework/ios-arm64
./avutil.xcframework
./avutil.xcframework/ios-arm64_x86_64-simulator
./avutil.xcframework/ios-arm64
./swscale.xcframework
./swscale.xcframework/ios-arm64_x86_64-simulator
./swscale.xcframework/ios-arm64
./avcodec.xcframework
./avcodec.xcframework/ios-arm64_x86_64-simulator
./avcodec.xcframework/ios-arm64
=== libtorrent asset id: 624287266 ===
total 27552
drwxr-xr-x  3 runner  staff        96 Oct  9 07:51 .
drwxr-xr-x  5 runner  staff       160 Oct  9 08:03 ..
-rw-r--r--  1 runner  staff  14103344 Oct  9 07:51 libvideoGrabLT.a
-- libtorrent 预编译产物就位
=== xcodegen generate ===
⚙️  Generating plists...
⚙️  Generating project...
⚙️  Writing project...
Created project at /Users/runner/work/video-grab/video-grab/VideoGrab.xcodeproj
=== project format ===
	objectVersion = 63;
=== logic regression tests ===
Command line invocation:
    /Applications/Xcode_15.4.app/Contents/Developer/usr/bin/xcodebuild test -project VideoGrab.xcodeproj -scheme VideoGrabTests -destination "platform=iOS Simulator,name=iPhone 15"

User defaults from command line:
    IDEPackageSupportUseBuiltinSCM = YES

--- xcodebuild: WARNING: Using the first of multiple matching destinations:
{ platform:iOS Simulator, id:CFF9DDA0-BF0E-4D4C-AC19-62E5747EBF03, OS:18.2, name:iPhone 15 }
{ platform:iOS Simulator, id:CFF9DDA0-BF0E-4D4C-AC19-62E5747EBF03, OS:18.2, name:iPhone 15 }
Prepare packages

ComputeTargetDependencyGraph
note: Building targets in dependency order
note: Target dependency graph (1 target)
    Target 'VideoGrabTests' in project 'VideoGrab' (no dependencies)

GatherProvisioningInputs

CreateBuildDescription

ExecuteExternalTool /Applications/Xcode_15.4.app/Contents/Developer/Toolchains/XcodeDefault.xctoolchain/usr/bin/swiftc -v

ExecuteExternalTool /Applications/Xcode_15.4.app/Contents/Developer/Toolchains/XcodeDefault.xctoolchain/usr/bin/clang -v -E -dM -isysroot /Applications/Xcode_15.4.app/Contents/Developer/Platforms/iPhoneSimulator.platform/Developer/SDKs/iPhoneSimulator17.5.sdk -x c -c /dev/null

ExecuteExternalTool /Applications/Xcode_15.4.app/Contents/Developer/Toolchains/XcodeDefault.xctoolchain/usr/bin/ld -version_details

Build description signature: 69d926e9dbbf7c958587ffcfb92bb7d9
Build description path: /Users/runner/Library/Developer/Xcode/DerivedData/VideoGrab-ektszpefytmtzvfduuvmogrbmoyt/Build/Intermediates.noindex/XCBuildData/69d926e9dbbf7c958587ffcfb92bb7d9.xcbuilddata
ClangStatCache /Applications/Xcode_15.4.app/Contents/Developer/Toolchains/XcodeDefault.xctoolchain/usr/bin/clang-stat-cache /Applications/Xcode_15.4.app/Contents/Developer/Platforms/iPhoneSimulator.platform/Developer/SDKs/iPhoneSimulator17.5.sdk /Users/runner/Library/Developer/Xcode/DerivedData/SDKStatCaches.noindex/iphonesimulator17.5-21F77-23950cd4b3f73050108268841b0fa1a8.sdkstatcache
    cd /Users/runner/work/video-grab/video-grab/VideoGrab.xcodeproj
    /Applications/Xcode_15.4.app/Contents/Developer/Toolchains/XcodeDefault.xctoolchain/usr/bin/clang-stat-cache /Applications/Xcode_15.4.app/Contents/Developer/Platforms/iPhoneSimulator.platform/Developer/SDKs/iPhoneSimulator17.5.sdk -o /Users/runner/Library/Developer/Xcode/DerivedData/SDKStatCaches.noindex/iphonesimulator17.5-21F77-23950cd4b3f73050108268841b0fa1a8.sdkstatcache

CreateBuildDirectory /Users/runner/Library/Developer/Xcode/DerivedData/VideoGrab-ektszpefytmtzvfduuvmogrbmoyt/Build/Products
    cd /Users/runner/work/video-grab/video-grab/VideoGrab.xcodeproj
    builtin-create-build-directory /Users/runner/Library/Developer/Xcode/DerivedData/VideoGrab-ektszpefytmtzvfduuvmogrbmoyt/Build/Products

CreateBuildDirectory /Users/runner/Library/Developer/Xcode/DerivedData/VideoGrab-ektszpefytmtzvfduuvmogrbmoyt/Build/Intermediates.noindex
    cd /Users/runner/work/video-grab/video-grab/VideoGrab.xcodeproj
    builtin-create-build-directory /Users/runner/Library/Developer/Xcode/DerivedData/VideoGrab-ektszpefytmtzvfduuvmogrbmoyt/Build/Intermediates.noindex

CreateBuildDirectory /Users/runner/Library/Developer/Xcode/DerivedData/VideoGrab-ektszpefytmtzvfduuvmogrbmoyt/Build/Intermediates.noindex/EagerLinkingTBDs/Debug-iphonesimulator
    cd /Users/runner/work/video-grab/video-grab/VideoGrab.xcodeproj
    builtin-create-build-directory /Users/runner/Library/Developer/Xcode/DerivedData/VideoGrab-ektszpefytmtzvfduuvmogrbmoyt/Build/Intermediates.noindex/EagerLinkingTBDs/Debug-iphonesimulator

CreateBuildDirectory /Users/runner/Library/Developer/Xcode/DerivedData/VideoGrab-ektszpefytmtzvfduuvmogrbmoyt/Build/Products/Debug-iphonesimulator
    cd /Users/runner/work/video-grab/video-grab/VideoGrab.xcodeproj
    builtin-create-build-directory /Users/runner/Library/Developer/Xcode/DerivedData/VideoGrab-ektszpefytmtzvfduuvmogrbmoyt/Build/Products/Debug-iphonesimulator

MkDir /Users/runner/Library/Developer/Xcode/DerivedData/VideoGrab-ektszpefytmtzvfduuvmogrbmoyt/Build/Products/Debug-iphonesimulator/VideoGrabTests.xctest (in target 'VideoGrabTests' from project 'VideoGrab')
    cd /Users/runner/work/video-grab/video-grab
    /bin/mkdir -p /Users/runner/Library/Developer/Xcode/DerivedData/VideoGrab-ektszpefytmtzvfduuvmogrbmoyt/Build/Products/Debug-iphonesimulator/VideoGrabTests.xctest

WriteAuxiliaryFile /Users/runner/Library/Developer/Xcode/DerivedData/VideoGrab-ektszpefytmtzvfduuvmogrbmoyt/Build/Intermediates.noindex/VideoGrab.build/Debug-iphonesimulator/VideoGrabTests.build/all-product-headers.yaml (in target 'VideoGrabTests' from project 'VideoGrab')
    cd /Users/runner/work/video-grab/video-grab
    write-file /Users/runner/Library/Developer/Xcode/DerivedData/VideoGrab-ektszpefytmtzvfduuvmogrbmoyt/Build/Intermediates.noindex/VideoGrab.build/Debug-iphonesimulator/VideoGrabTests.build/all-product-headers.yaml

WriteAuxiliaryFile /Users/runner/Library/Developer/Xcode/DerivedData/VideoGrab-ektszpefytmtzvfduuvmogrbmoyt/Build/Intermediates.noindex/VideoGrab.build/Debug-iphonesimulator/VideoGrabTests.build/VideoGrabTests.hmap (in target 'VideoGrabTests' from project 'VideoGrab')
    cd /Users/runner/work/video-grab/video-grab
    write-file /Users/runner/Library/Developer/Xcode/DerivedData/VideoGrab-ektszpefytmtzvfduuvmogrbmoyt/Build/Intermediates.noindex/VideoGrab.build/Debug-iphonesimulator/VideoGrabTests.build/VideoGrabTests.hmap

WriteAuxiliaryFile /Users/runner/Library/Developer/Xcode/DerivedData/VideoGrab-ektszpefytmtzvfduuvmogrbmoyt/Build/Intermediates.noindex/VideoGrab.build/Debug-iphonesimulator/VideoGrabTests.build/VideoGrabTests-project-headers.hmap (in target 'VideoGrabTests' from project 'VideoGrab')
    cd /Users/runner/work/video-grab/video-grab
    write-file /Users/runner/Library/Developer/Xcode/DerivedData/VideoGrab-ektszpefytmtzvfduuvmogrbmoyt/Build/Intermediates.noindex/VideoGrab.build/Debug-iphonesimulator/VideoGrabTests.build/VideoGrabTests-project-headers.hmap

WriteAuxiliaryFile /Users/runner/Library/Developer/Xcode/DerivedData/VideoGrab-ektszpefytmtzvfduuvmogrbmoyt/Build/Intermediates.noindex/VideoGrab.build/Debug-iphonesimulator/VideoGrabTests.build/VideoGrabTests-own-target-headers.hmap (in target 'VideoGrabTests' from project 'VideoGrab')
    cd /Users/runner/work/video-grab/video-grab
    write-file /Users/runner/Library/Developer/Xcode/DerivedData/VideoGrab-ektszpefytmtzvfduuvmogrbmoyt/Build/Intermediates.noindex/VideoGrab.build/Debug-iphonesimulator/VideoGrabTests.build/VideoGrabTests-own-target-headers.hmap

WriteAuxiliaryFile /Users/runner/Library/Developer/Xcode/DerivedData/VideoGrab-ektszpefytmtzvfduuvmogrbmoyt/Build/Intermediates.noindex/VideoGrab.build/Debug-iphonesimulator/VideoGrabTests.build/VideoGrabTests-generated-files.hmap (in target 'VideoGrabTests' from project 'VideoGrab')
    cd /Users/runner/work/video-grab/video-grab
    write-file /Users/runner/Library/Developer/Xcode/DerivedData/VideoGrab-ektszpefytmtzvfduuvmogrbmoyt/Build/Intermediates.noindex/VideoGrab.build/Debug-iphonesimulator/VideoGrabTests.build/VideoGrabTests-generated-files.hmap

WriteAuxiliaryFile /Users/runner/Library/Developer/Xcode/DerivedData/VideoGrab-ektszpefytmtzvfduuvmogrbmoyt/Build/Intermediates.noindex/VideoGrab.build/Debug-iphonesimulator/VideoGrabTests.build/VideoGrabTests-all-target-headers.hmap (in target 'VideoGrabTests' from project 'VideoGrab')
    cd /Users/runner/work/video-grab/video-grab
    write-file /Users/runner/Library/Developer/Xcode/DerivedData/VideoGrab-ektszpefytmtzvfduuvmogrbmoyt/Build/Intermediates.noindex/VideoGrab.build/Debug-iphonesimulator/VideoGrabTests.build/VideoGrabTests-all-target-headers.hmap

WriteAuxiliaryFile /Users/runner/Library/Developer/Xcode/DerivedData/VideoGrab-ektszpefytmtzvfduuvmogrbmoyt/Build/Intermediates.noindex/VideoGrab.build/Debug-iphonesimulator/VideoGrabTests.build/VideoGrabTests-all-non-framework-target-headers.hmap (in target 'VideoGrabTests' from project 'VideoGrab')
    cd /Users/runner/work/video-grab/video-grab
    write-file /Users/runner/Library/Developer/Xcode/DerivedData/VideoGrab-ektszpefytmtzvfduuvmogrbmoyt/Build/Intermediates.noindex/VideoGrab.build/Debug-iphonesimulator/VideoGrabTests.build/VideoGrabTests-all-non-framework-target-headers.hmap

WriteAuxiliaryFile /Users/runner/Library/Developer/Xcode/DerivedData/VideoGrab-ektszpefytmtzvfduuvmogrbmoyt/Build/Intermediates.noindex/VideoGrab.build/Debug-iphonesimulator/VideoGrabTests.build/empty-VideoGrabTests.plist (in target 'VideoGrabTests' from project 'VideoGrab')
    cd /Users/runner/work/video-grab/video-grab
    write-file /Users/runner/Library/Developer/Xcode/DerivedData/VideoGrab-ektszpefytmtzvfduuvmogrbmoyt/Build/Intermediates.noindex/VideoGrab.build/Debug-iphonesimulator/VideoGrabTests.build/empty-VideoGrabTests.plist

WriteAuxiliaryFile /Users/runner/Library/Developer/Xcode/DerivedData/VideoGrab-ektszpefytmtzvfduuvmogrbmoyt/Build/Intermediates.noindex/VideoGrab.build/Debug-iphonesimulator/VideoGrabTests.build/Objects-normal/arm64/VideoGrabTests.LinkFileList (in target 'VideoGrabTests' from project 'VideoGrab')
    cd /Users/runner/work/video-grab/video-grab
    write-file /Users/runner/Library/Developer/Xcode/DerivedData/VideoGrab-ektszpefytmtzvfduuvmogrbmoyt/Build/Intermediates.noindex/VideoGrab.build/Debug-iphonesimulator/VideoGrabTests.build/Objects-normal/arm64/VideoGrabTests.LinkFileList

WriteAuxiliaryFile /Users/runner/Library/Developer/Xcode/DerivedData/VideoGrab-ektszpefytmtzvfduuvmogrbmoyt/Build/Intermediates.noindex/VideoGrab.build/Debug-iphonesimulator/VideoGrabTests.build/Objects-normal/arm64/VideoGrabTests_const_extract_protocols.json (in target 'VideoGrabTests' from project 'VideoGrab')
    cd /Users/runner/work/video-grab/video-grab
    write-file /Users/runner/Library/Developer/Xcode/DerivedData/VideoGrab-ektszpefytmtzvfduuvmogrbmoyt/Build/Intermediates.noindex/VideoGrab.build/Debug-iphonesimulator/VideoGrabTests.build/Objects-normal/arm64/VideoGrabTests_const_extract_protocols.json

WriteAuxiliaryFile /Users/runner/Library/Developer/Xcode/DerivedData/VideoGrab-ektszpefytmtzvfduuvmogrbmoyt/Build/Intermediates.noindex/VideoGrab.build/Debug-iphonesimulator/VideoGrabTests.build/Objects-normal/arm64/VideoGrabTests.SwiftFileList (in target 'VideoGrabTests' from project 'VideoGrab')
    cd /Users/runner/work/video-grab/video-grab
    write-file /Users/runner/Library/Developer/Xcode/DerivedData/VideoGrab-ektszpefytmtzvfduuvmogrbmoyt/Build/Intermediates.noindex/VideoGrab.build/Debug-iphonesimulator/VideoGrabTests.build/Objects-normal/arm64/VideoGrabTests.SwiftFileList

WriteAuxiliaryFile /Users/runner/Library/Developer/Xcode/DerivedData/VideoGrab-ektszpefytmtzvfduuvmogrbmoyt/Build/Intermediates.noindex/VideoGrab.build/Debug-iphonesimulator/VideoGrabTests.build/Objects-normal/arm64/VideoGrabTests-OutputFileMap.json (in target 'VideoGrabTests' from project 'VideoGrab')
    cd /Users/runner/work/video-grab/video-grab
    write-file /Users/runner/Library/Developer/Xcode/DerivedData/VideoGrab-ektszpefytmtzvfduuvmogrbmoyt/Build/Intermediates.noindex/VideoGrab.build/Debug-iphonesimulator/VideoGrabTests.build/Objects-normal/arm64/VideoGrabTests-OutputFileMap.json

ProcessInfoPlistFile /Users/runner/Library/Developer/Xcode/DerivedData/VideoGrab-ektszpefytmtzvfduuvmogrbmoyt/Build/Products/Debug-iphonesimulator/VideoGrabTests.xctest/Info.plist /Users/runner/Library/Developer/Xcode/DerivedData/VideoGrab-ektszpefytmtzvfduuvmogrbmoyt/Build/Intermediates.noindex/VideoGrab.build/Debug-iphonesimulator/VideoGrabTests.build/empty-VideoGrabTests.plist (in target 'VideoGrabTests' from project 'VideoGrab')
    cd /Users/runner/work/video-grab/video-grab
    builtin-infoPlistUtility /Users/runner/Library/Developer/Xcode/DerivedData/VideoGrab-ektszpefytmtzvfduuvmogrbmoyt/Build/Intermediates.noindex/VideoGrab.build/Debug-iphonesimulator/VideoGrabTests.build/empty-VideoGrabTests.plist -producttype com.apple.product-type.bundle.unit-test -expandbuildsettings -format binary -platform iphonesimulator -o /Users/runner/Library/Developer/Xcode/DerivedData/VideoGrab-ektszpefytmtzvfduuvmogrbmoyt/Build/Products/Debug-iphonesimulator/VideoGrabTests.xctest/Info.plist

SwiftDriver VideoGrabTests normal arm64 com.apple.xcode.tools.swift.compiler (in target 'VideoGrabTests' from project 'VideoGrab')
    cd /Users/runner/work/video-grab/video-grab
    builtin-SwiftDriver -- /Applications/Xcode_15.4.app/Contents/Developer/Toolchains/XcodeDefault.xctoolchain/usr/bin/swiftc -module-name VideoGrabTests -Onone -enforce-exclusivity\=checked @/Users/runner/Library/Developer/Xcode/DerivedData/VideoGrab-ektszpefytmtzvfduuvmogrbmoyt/Build/Intermediates.noindex/VideoGrab.build/Debug-iphonesimulator/VideoGrabTests.build/Objects-normal/arm64/VideoGrabTests.SwiftFileList -DDEBUG -sdk /Applications/Xcode_15.4.app/Contents/Developer/Platforms/iPhoneSimulator.platform/Developer/SDKs/iPhoneSimulator17.5.sdk -target arm64-apple-ios15.0-simulator -enable-bare-slash-regex -g -module-cache-path /Users/runner/Library/Developer/Xcode/DerivedData/ModuleCache.noindex -Xfrontend -serialize-debugging-options -enable-testing -index-store-path /Users/runner/Library/Developer/Xcode/DerivedData/VideoGrab-ektszpefytmtzvfduuvmogrbmoyt/Index.noindex/DataStore -swift-version 5 -I /Users/runner/Library/Developer/Xcode/DerivedData/VideoGrab-ektszpefytmtzvfduuvmogrbmoyt/Build/Products/Debug-iphonesimulator -I /Applications/Xcode_15.4.app/Contents/Developer/Platforms/iPhoneSimulator.platform/Developer/usr/lib -F /Users/runner/Library/Developer/Xcode/DerivedData/VideoGrab-ektszpefytmtzvfduuvmogrbmoyt/Build/Products/Debug-iphonesimulator -F /Applications/Xcode_15.4.app/Contents/Developer/Platforms/iPhoneSimulator.platform/Developer/Library/Frameworks -F /Applications/Xcode_15.4.app/Contents/Developer/Platforms/iPhoneSimulator.platform/Developer/SDKs/iPhoneSimulator17.5.sdk/Developer/Library/Frameworks -c -j3 -enable-batch-mode -incremental -Xcc -ivfsstatcache -Xcc /Users/runner/Library/Developer/Xcode/DerivedData/SDKStatCaches.noindex/iphonesimulator17.5-21F77-23950cd4b3f73050108268841b0fa1a8.sdkstatcache -output-file-map /Users/runner/Library/Developer/Xcode/DerivedData/VideoGrab-ektszpefytmtzvfduuvmogrbmoyt/Build/Intermediates.noindex/VideoGrab.build/Debug-iphonesimulator/VideoGrabTests.build/Objects-normal/arm64/VideoGrabTests-OutputFileMap.json -use-frontend-parseable-output -save-temps -no-color-diagnostics -serialize-diagnostics -emit-dependencies -emit-module -emit-module-path /Users/runner/Library/Developer/Xcode/DerivedData/VideoGrab-ektszpefytmtzvfduuvmogrbmoyt/Build/Intermediates.noindex/VideoGrab.build/Debug-iphonesimulator/VideoGrabTests.build/Objects-normal/arm64/VideoGrabTests.swiftmodule -validate-clang-modules-once -clang-build-session-file /Users/runner/Library/Developer/Xcode/DerivedData/ModuleCache.noindex/Session.modulevalidation -Xcc -I/Users/runner/Library/Developer/Xcode/DerivedData/VideoGrab-ektszpefytmtzvfduuvmogrbmoyt/Build/Intermediates.noindex/VideoGrab.build/Debug-iphonesimulator/VideoGrabTests.build/swift-overrides.hmap -emit-const-values -Xfrontend -const-gather-protocols-file -Xfrontend /Users/runner/Library/Developer/Xcode/DerivedData/VideoGrab-ektszpefytmtzvfduuvmogrbmoyt/Build/Intermediates.noindex/VideoGrab.build/Debug-iphonesimulator/VideoGrabTests.build/Objects-normal/arm64/VideoGrabTests_const_extract_protocols.json -Xcc -iquote -Xcc /Users/runner/Library/Developer/Xcode/DerivedData/VideoGrab-ektszpefytmtzvfduuvmogrbmoyt/Build/Intermediates.noindex/VideoGrab.build/Debug-iphonesimulator/VideoGrabTests.build/VideoGrabTests-generated-files.hmap -Xcc -I/Users/runner/Library/Developer/Xcode/DerivedData/VideoGrab-ektszpefytmtzvfduuvmogrbmoyt/Build/Intermediates.noindex/VideoGrab.build/Debug-iphonesimulator/VideoGrabTests.build/VideoGrabTests-own-target-headers.hmap -Xcc -I/Users/runner/Library/Developer/Xcode/DerivedData/VideoGrab-ektszpefytmtzvfduuvmogrbmoyt/Build/Intermediates.noindex/VideoGrab.build/Debug-iphonesimulator/VideoGrabTests.build/VideoGrabTests-all-target-headers.hmap -Xcc -iquote -Xcc /Users/runner/Library/Developer/Xcode/DerivedData/VideoGrab-ektszpefytmtzvfduuvmogrbmoyt/Build/Intermediates.noindex/VideoGrab.build/Debug-iphonesimulator/VideoGrabTests.build/VideoGrabTests-project-headers.hmap -Xcc -I/Users/runner/Library/Developer/Xcode/DerivedData/VideoGrab-ektszpefytmtzvfduuvmogrbmoyt/Build/Products/Debug-iphonesimulator/include -Xcc -I/Users/runner/Library/Developer/Xcode/DerivedData/VideoGrab-ektszpefytmtzvfduuvmogrbmoyt/Build/Intermediates.noindex/VideoGrab.build/Debug-iphonesimulator/VideoGrabTests.build/DerivedSources-normal/arm64 -Xcc -I/Users/runner/Library/Developer/Xcode/DerivedData/VideoGrab-ektszpefytmtzvfduuvmogrbmoyt/Build/Intermediates.noindex/VideoGrab.build/Debug-iphonesimulator/VideoGrabTests.build/DerivedSources/arm64 -Xcc -I/Users/runner/Library/Developer/Xcode/DerivedData/VideoGrab-ektszpefytmtzvfduuvmogrbmoyt/Build/Intermediates.noindex/VideoGrab.build/Debug-iphonesimulator/VideoGrabTests.build/DerivedSources -Xcc -DDEBUG\=1 -emit-objc-header -emit-objc-header-path /Users/runner/Library/Developer/Xcode/DerivedData/VideoGrab-ektszpefytmtzvfduuvmogrbmoyt/Build/Intermediates.noindex/VideoGrab.build/Debug-iphonesimulator/VideoGrabTests.build/Objects-normal/arm64/VideoGrabTests-Swift.h -working-directory /Users/runner/work/video-grab/video-grab -experimental-emit-module-separately -disable-cmo

SwiftCompile normal arm64 Compiling\ SiteRules.swift,\ SiteRulesTests.swift,\ UILayout.swift,\ UILayoutTests.swift,\ UserScript.swift,\ UserScriptTests.swift /Users/runner/work/video-grab/video-grab/app/SiteRules.swift /Users/runner/work/video-grab/video-grab/VideoGrabTests/SiteRulesTests.swift /Users/runner/work/video-grab/video-grab/app/UILayout.swift /Users/runner/work/video-grab/video-grab/VideoGrabTests/UILayoutTests.swift /Users/runner/work/video-grab/video-grab/app/UserScript.swift /Users/runner/work/video-grab/video-grab/VideoGrabTests/UserScriptTests.swift (in target 'VideoGrabTests' from project 'VideoGrab')
    cd /Users/runner/work/video-grab/video-grab
    builtin-swiftTaskExecution -- /Applications/Xcode_15.4.app/Contents/Developer/Toolchains/XcodeDefault.xctoolchain/usr/bin/swift-frontend -frontend -c /Users/runner/work/video-grab/video-grab/app/BiliParse.swift /Users/runner/work/video-grab/video-grab/VideoGrabTests/BiliParseTests.swift /Users/runner/work/video-grab/video-grab/app/BlockList.swift /Users/runner/work/video-grab/video-grab/VideoGrabTests/BlockListTests.swift /Users/runner/work/video-grab/video-grab/app/CompressPlan.swift /Users/runner/work/video-grab/video-grab/VideoGrabTests/CompressPlanTests.swift /Users/runner/work/video-grab/video-grab/app/LinkText.swift /Users/runner/work/video-grab/video-grab/VideoGrabTests/LinkTextTests.swift /Users/runner/work/video-grab/video-grab/VideoGrabTests/LogicTests.swift /Users/runner/work/video-grab/video-grab/app/M3U8.swift /Users/runner/work/video-grab/video-grab/app/MagnetStatus.swift /Users/runner/work/video-grab/video-grab/VideoGrabTests/MagnetStatusTests.swift /Users/runner/work/video-grab/video-grab/app/PlaylistAnchor.swift -primary-file /Users/runner/work/video-grab/video-grab/app/SiteRules.swift -primary-file /Users/runner/work/video-grab/video-grab/VideoGrabTests/SiteRulesTests.swift -primary-file /Users/runner/work/video-grab/video-grab/app/UILayout.swift -primary-file /Users/runner/work/video-grab/video-grab/VideoGrabTests/UILayoutTests.swift -primary-file /Users/runner/work/video-grab/video-grab/app/UserScript.swift -primary-file /Users/runner/work/video-grab/video-grab/VideoGrabTests/UserScriptTests.swift -supplementary-output-file-map /Users/runner/Library/Developer/Xcode/DerivedData/VideoGrab-ektszpefytmtzvfduuvmogrbmoyt/Build/Intermediates.noindex/VideoGrab.build/Debug-iphonesimulator/VideoGrabTests.build/Objects-normal/arm64/supplementaryOutputs-3 -target arm64-apple-ios15.0-simulator -Xllvm -aarch64-use-tbi -enable-objc-interop -sdk /Applications/Xcode_15.4.app/Contents/Developer/Platforms/iPhoneSimulator.platform/Developer/SDKs/iPhoneSimulator17.5.sdk -I /Users/runner/Library/Developer/Xcode/DerivedData/VideoGrab-ektszpefytmtzvfduuvmogrbmoyt/Build/Products/Debug-iphonesimulator -I /Applications/Xcode_15.4.app/Contents/Developer/Platforms/iPhoneSimulator.platform/Developer/usr/lib -F /Users/runner/Library/Developer/Xcode/DerivedData/VideoGrab-ektszpefytmtzvfduuvmogrbmoyt/Build/Products/Debug-iphonesimulator -F /Applications/Xcode_15.4.app/Contents/Developer/Platforms/iPhoneSimulator.platform/Developer/Library/Frameworks -F /Applications/Xcode_15.4.app/Contents/Developer/Platforms/iPhoneSimulator.platform/Developer/SDKs/iPhoneSimulator17.5.sdk/Developer/Library/Frameworks -no-color-diagnostics -enable-testing -g -module-cache-path /Users/runner/Library/Developer/Xcode/DerivedData/ModuleCache.noindex -swift-version 5 -enforce-exclusivity\=checked -Onone -D DEBUG -serialize-debugging-options -const-gather-protocols-file /Users/runner/Library/Developer/Xcode/DerivedData/VideoGrab-ektszpefytmtzvfduuvmogrbmoyt/Build/Intermediates.noindex/VideoGrab.build/Debug-iphonesimulator/VideoGrabTests.build/Objects-normal/arm64/VideoGrabTests_const_extract_protocols.json -enable-bare-slash-regex -empty-abi-descriptor -validate-clang-modules-once -clang-build-session-file /Users/runner/Library/Developer/Xcode/DerivedData/ModuleCache.noindex/Session.modulevalidation -Xcc -working-directory -Xcc /Users/runner/work/video-grab/video-grab -resource-dir /Applications/Xcode_15.4.app/Contents/Developer/Toolchains/XcodeDefault.xctoolchain/usr/lib/swift -enable-anonymous-context-mangled-names -Xcc -ivfsstatcache -Xcc /Users/runner/Library/Developer/Xcode/DerivedData/SDKStatCaches.noindex/iphonesimulator17.5-21F77-23950cd4b3f73050108268841b0fa1a8.sdkstatcache -Xcc -I/Users/runner/Library/Developer/Xcode/DerivedData/VideoGrab-ektszpefytmtzvfduuvmogrbmoyt/Build/Intermediates.noindex/VideoGrab.build/Debug-iphonesimulator/VideoGrabTests.build/swift-overrides.hmap -Xcc -iquote -Xcc /Users/runner/Library/Developer/Xcode/DerivedData/VideoGrab-ektszpefytmtzvfduuvmogrbmoyt/Build/Intermediates.noindex/VideoGrab.build/Debug-iphonesimulator/VideoGrabTests.build/VideoGrabTests-generated-files.hmap -Xcc -I/Users/runner/Library/Developer/Xcode/DerivedData/VideoGrab-ektszpefytmtzvfduuvmogrbmoyt/Build/Intermediates.noindex/VideoGrab.build/Debug-iphonesimulator/VideoGrabTests.build/VideoGrabTests-own-target-headers.hmap -Xcc -I/Users/runner/Library/Developer/Xcode/DerivedData/VideoGrab-ektszpefytmtzvfduuvmogrbmoyt/Build/Intermediates.noindex/VideoGrab.build/Debug-iphonesimulator/VideoGrabTests.build/VideoGrabTests-all-target-headers.hmap -Xcc -iquote -Xcc /Users/runner/Library/Developer/Xcode/DerivedData/VideoGrab-ektszpefytmtzvfduuvmogrbmoyt/Build/Intermediates.noindex/VideoGrab.build/Debug-iphonesimulator/VideoGrabTests.build/VideoGrabTests-project-headers.hmap -Xcc -I/Users/runner/Library/Developer/Xcode/DerivedData/VideoGrab-ektszpefytmtzvfduuvmogrbmoyt/Build/Products/Debug-iphonesimulator/include -Xcc -I/Users/runner/Library/Developer/Xcode/DerivedData/VideoGrab-ektszpefytmtzvfduuvmogrbmoyt/Build/Intermediates.noindex/VideoGrab.build/Debug-iphonesimulator/VideoGrabTests.build/DerivedSources-normal/arm64 -Xcc -I/Users/runner/Library/Developer/Xcode/DerivedData/VideoGrab-ektszpefytmtzvfduuvmogrbmoyt/Build/Intermediates.noindex/VideoGrab.build/Debug-iphonesimulator/VideoGrabTests.build/DerivedSources/arm64 -Xcc -I/Users/runner/Library/Developer/Xcode/DerivedData/VideoGrab-ektszpefytmtzvfduuvmogrbmoyt/Build/Intermediates.noindex/VideoGrab.build/Debug-iphonesimulator/VideoGrabTests.build/DerivedSources -Xcc -DDEBUG\=1 -module-name VideoGrabTests -frontend-parseable-output -disable-clang-spi -target-sdk-version 17.5 -target-sdk-name iphonesimulator17.5 -external-plugin-path /Applications/Xcode_15.4.app/Contents/Developer/Platforms/iPhoneSimulator.platform/Developer/SDKs/iPhoneSimulator17.5.sdk/usr/lib/swift/host/plugins\#/Applications/Xcode_15.4.app/Contents/Developer/Platforms/iPhoneSimulator.platform/Developer/SDKs/iPhoneSimulator17.5.sdk/usr/bin/swift-plugin-server -external-plugin-path /Applications/Xcode_15.4.app/Contents/Developer/Platforms/iPhoneSimulator.platform/Developer/SDKs/iPhoneSimulator17.5.sdk/usr/local/lib/swift/host/plugins\#/Applications/Xcode_15.4.app/Contents/Developer/Platforms/iPhoneSimulator.platform/Developer/SDKs/iPhoneSimulator17.5.sdk/usr/bin/swift-plugin-server -external-plugin-path /Applications/Xcode_15.4.app/Contents/Developer/Platforms/iPhoneOS.platform/Developer/usr/lib/swift/host/plugins\#/Applications/Xcode_15.4.app/Contents/Developer/Platforms/iPhoneOS.platform/Developer/usr/bin/swift-plugin-server -external-plugin-path /Applications/Xcode_15.4.app/Contents/Developer/Platforms/iPhoneOS.platform/Developer/usr/local/lib/swift/host/plugins\#/Applications/Xcode_15.4.app/Contents/Developer/Platforms/iPhoneOS.platform/Developer/usr/bin/swift-plugin-server -plugin-path /Applications/Xcode_15.4.app/Contents/Developer/Toolchains/XcodeDefault.xctoolchain/usr/lib/swift/host/plugins -plugin-path /Applications/Xcode_15.4.app/Contents/Developer/Toolchains/XcodeDefault.xctoolchain/usr/local/lib/swift/host/plugins -o /Users/runner/Library/Developer/Xcode/DerivedData/VideoGrab-ektszpefytmtzvfduuvmogrbmoyt/Build/Intermediates.noindex/VideoGrab.build/Debug-iphonesimulator/VideoGrabTests.build/Objects-normal/arm64/SiteRules.o -o /Users/runner/Library/Developer/Xcode/DerivedData/VideoGrab-ektszpefytmtzvfduuvmogrbmoyt/Build/Intermediates.noindex/VideoGrab.build/Debug-iphonesimulator/VideoGrabTests.build/Objects-normal/arm64/SiteRulesTests.o -o /Users/runner/Library/Developer/Xcode/DerivedData/VideoGrab-ektszpefytmtzvfduuvmogrbmoyt/Build/Intermediates.noindex/VideoGrab.build/Debug-iphonesimulator/VideoGrabTests.build/Objects-normal/arm64/UILayout.o -o /Users/runner/Library/Developer/Xcode/DerivedData/VideoGrab-ektszpefytmtzvfduuvmogrbmoyt/Build/Intermediates.noindex/VideoGrab.build/Debug-iphonesimulator/VideoGrabTests.build/Objects-normal/arm64/UILayoutTests.o -o /Users/runner/Library/Developer/Xcode/DerivedData/VideoGrab-ektszpefytmtzvfduuvmogrbmoyt/Build/Intermediates.noindex/VideoGrab.build/Debug-iphonesimulator/VideoGrabTests.build/Objects-normal/arm64/UserScript.o -o /Users/runner/Library/Developer/Xcode/DerivedData/VideoGrab-ektszpefytmtzvfduuvmogrbmoyt/Build/Intermediates.noindex/VideoGrab.build/Debug-iphonesimulator/VideoGrabTests.build/Objects-normal/arm64/UserScriptTests.o -index-unit-output-path /VideoGrab.build/Debug-iphonesimulator/VideoGrabTests.build/Objects-normal/arm64/SiteRules.o -index-unit-output-path /VideoGrab.build/Debug-iphonesimulator/VideoGrabTests.build/Objects-normal/arm64/SiteRulesTests.o -index-unit-output-path /VideoGrab.build/Debug-iphonesimulator/VideoGrabTests.build/Objects-normal/arm64/UILayout.o -index-unit-output-path /VideoGrab.build/Debug-iphonesimulator/VideoGrabTests.build/Objects-normal/arm64/UILayoutTests.o -index-unit-output-path /VideoGrab.build/Debug-iphonesimulator/VideoGrabTests.build/Objects-normal/arm64/UserScript.o -index-unit-output-path /VideoGrab.build/Debug-iphonesimulator/VideoGrabTests.build/Objects-normal/arm64/UserScriptTests.o -index-store-path /Users/runner/Library/Developer/Xcode/DerivedData/VideoGrab-ektszpefytmtzvfduuvmogrbmoyt/Index.noindex/DataStore -index-system-modules

SwiftCompile normal arm64 /Users/runner/work/video-grab/video-grab/app/SiteRules.swift (in target 'VideoGrabTests' from project 'VideoGrab')
    cd /Users/runner/work/video-grab/video-grab
    /Applications/Xcode_15.4.app/Contents/Developer/Toolchains/XcodeDefault.xctoolchain/usr/bin/swift-frontend -c /Users/runner/work/video-grab/video-grab/app/BiliParse.swift /Users/runner/work/video-grab/video-grab/VideoGrabTests/BiliParseTests.swift /Users/runner/work/video-grab/video-grab/app/BlockList.swift /Users/runner/work/video-grab/video-grab/VideoGrabTests/BlockListTests.swift /Users/runner/work/video-grab/video-grab/app/CompressPlan.swift /Users/runner/work/video-grab/video-grab/VideoGrabTests/CompressPlanTests.swift /Users/runner/work/video-grab/video-grab/app/LinkText.swift /Users/runner/work/video-grab/video-grab/VideoGrabTests/LinkTextTests.swift /Users/runner/work/video-grab/video-grab/VideoGrabTests/LogicTests.swift /Users/runner/work/video-grab/video-grab/app/M3U8.swift /Users/runner/work/video-grab/video-grab/app/MagnetStatus.swift /Users/runner/work/video-grab/video-grab/VideoGrabTests/MagnetStatusTests.swift /Users/runner/work/video-grab/video-grab/app/PlaylistAnchor.swift -primary-file /Users/runner/work/video-grab/video-grab/app/SiteRules.swift -primary-file /Users/runner/work/video-grab/video-grab/VideoGrabTests/SiteRulesTests.swift -primary-file /Users/runner/work/video-grab/video-grab/app/UILayout.swift -primary-file /Users/runner/work/video-grab/video-grab/VideoGrabTests/UILayoutTests.swift -primary-file /Users/runner/work/video-grab/video-grab/app/UserScript.swift -primary-file /Users/runner/work/video-grab/video-grab/VideoGrabTests/UserScriptTests.swift -supplementary-output-file-map /Users/runner/Library/Developer/Xcode/DerivedData/VideoGrab-ektszpefytmtzvfduuvmogrbmoyt/Build/Intermediates.noindex/VideoGrab.build/Debug-iphonesimulator/VideoGrabTests.build/Objects-normal/arm64/supplementaryOutputs-3 -target arm64-apple-ios15.0-simulator -Xllvm -aarch64-use-tbi -enable-objc-interop -sdk /Applications/Xcode_15.4.app/Contents/Developer/Platforms/iPhoneSimulator.platform/Developer/SDKs/iPhoneSimulator17.5.sdk -I /Users/runner/Library/Developer/Xcode/DerivedData/VideoGrab-ektszpefytmtzvfduuvmogrbmoyt/Build/Products/Debug-iphonesimulator -I /Applications/Xcode_15.4.app/Contents/Developer/Platforms/iPhoneSimulator.platform/Developer/usr/lib -F /Users/runner/Library/Developer/Xcode/DerivedData/VideoGrab-ektszpefytmtzvfduuvmogrbmoyt/Build/Products/Debug-iphonesimulator -F /Applications/Xcode_15.4.app/Contents/Developer/Platforms/iPhoneSimulator.platform/Developer/Library/Frameworks -F /Applications/Xcode_15.4.app/Contents/Developer/Platforms/iPhoneSimulator.platform/Developer/SDKs/iPhoneSimulator17.5.sdk/Developer/Library/Frameworks -no-color-diagnostics -enable-testing -g -module-cache-path /Users/runner/Library/Developer/Xcode/DerivedData/ModuleCache.noindex -swift-version 5 -enforce-exclusivity\=checked -Onone -D DEBUG -serialize-debugging-options -const-gather-protocols-file /Users/runner/Library/Developer/Xcode/DerivedData/VideoGrab-ektszpefytmtzvfduuvmogrbmoyt/Build/Intermediates.noindex/VideoGrab.build/Debug-iphonesimulator/VideoGrabTests.build/Objects-normal/arm64/VideoGrabTests_const_extract_protocols.json -enable-bare-slash-regex -empty-abi-descriptor -validate-clang-modules-once -clang-build-session-file /Users/runner/Library/Developer/Xcode/DerivedData/ModuleCache.noindex/Session.modulevalidation -Xcc -working-directory -Xcc /Users/runner/work/video-grab/video-grab -resource-dir /Applications/Xcode_15.4.app/Contents/Developer/Toolchains/XcodeDefault.xctoolchain/usr/lib/swift -enable-anonymous-context-mangled-names -Xcc -ivfsstatcache -Xcc /Users/runner/Library/Developer/Xcode/DerivedData/SDKStatCaches.noindex/iphonesimulator17.5-21F77-23950cd4b3f73050108268841b0fa1a8.sdkstatcache -Xcc -I/Users/runner/Library/Developer/Xcode/DerivedData/VideoGrab-ektszpefytmtzvfduuvmogrbmoyt/Build/Intermediates.noindex/VideoGrab.build/Debug-iphonesimulator/VideoGrabTests.build/swift-overrides.hmap -Xcc -iquote -Xcc /Users/runner/Library/Developer/Xcode/DerivedData/VideoGrab-ektszpefytmtzvfduuvmogrbmoyt/Build/Intermediates.noindex/VideoGrab.build/Debug-iphonesimulator/VideoGrabTests.build/VideoGrabTests-generated-files.hmap -Xcc -I/Users/runner/Library/Developer/Xcode/DerivedData/VideoGrab-ektszpefytmtzvfduuvmogrbmoyt/Build/Intermediates.noindex/VideoGrab.build/Debug-iphonesimulator/VideoGrabTests.build/VideoGrabTests-own-target-headers.hmap -Xcc -I/Users/runner/Library/Developer/Xcode/DerivedData/VideoGrab-ektszpefytmtzvfduuvmogrbmoyt/Build/Intermediates.noindex/VideoGrab.build/Debug-iphonesimulator/VideoGrabTests.build/VideoGrabTests-all-target-headers.hmap -Xcc -iquote -Xcc /Users/runner/Library/Developer/Xcode/DerivedData/VideoGrab-ektszpefytmtzvfduuvmogrbmoyt/Build/Intermediates.noindex/VideoGrab.build/Debug-iphonesimulator/VideoGrabTests.build/VideoGrabTests-project-headers.hmap -Xcc -I/Users/runner/Library/Developer/Xcode/DerivedData/VideoGrab-ektszpefytmtzvfduuvmogrbmoyt/Build/Products/Debug-iphonesimulator/include -Xcc -I/Users/runner/Library/Developer/Xcode/DerivedData/VideoGrab-ektszpefytmtzvfduuvmogrbmoyt/Build/Intermediates.noindex/VideoGrab.build/Debug-iphonesimulator/VideoGrabTests.build/DerivedSources-normal/arm64 -Xcc -I/Users/runner/Library/Developer/Xcode/DerivedData/VideoGrab-ektszpefytmtzvfduuvmogrbmoyt/Build/Intermediates.noindex/VideoGrab.build/Debug-iphonesimulator/VideoGrabTests.build/DerivedSources/arm64 -Xcc -I/Users/runner/Library/Developer/Xcode/DerivedData/VideoGrab-ektszpefytmtzvfduuvmogrbmoyt/Build/Intermediates.noindex/VideoGrab.build/Debug-iphonesimulator/VideoGrabTests.build/DerivedSources -Xcc -DDEBUG\=1 -module-name VideoGrabTests -frontend-parseable-output -disable-clang-spi -target-sdk-version 17.5 -target-sdk-name iphonesimulator17.5 -external-plugin-path /Applications/Xcode_15.4.app/Contents/Developer/Platforms/iPhoneSimulator.platform/Developer/SDKs/iPhoneSimulator17.5.sdk/usr/lib/swift/host/plugins\#/Applications/Xcode_15.4.app/Contents/Developer/Platforms/iPhoneSimulator.platform/Developer/SDKs/iPhoneSimulator17.5.sdk/usr/bin/swift-plugin-server -external-plugin-path /Applications/Xcode_15.4.app/Contents/Developer/Platforms/iPhoneSimulator.platform/Developer/SDKs/iPhoneSimulator17.5.sdk/usr/local/lib/swift/host/plugins\#/Applications/Xcode_15.4.app/Contents/Developer/Platforms/iPhoneSimulator.platform/Developer/SDKs/iPhoneSimulator17.5.sdk/usr/bin/swift-plugin-server -external-plugin-path /Applications/Xcode_15.4.app/Contents/Developer/Platforms/iPhoneOS.platform/Developer/usr/lib/swift/host/plugins\#/Applications/Xcode_15.4.app/Contents/Developer/Platforms/iPhoneOS.platform/Developer/usr/bin/swift-plugin-server -external-plugin-path /Applications/Xcode_15.4.app/Contents/Developer/Platforms/iPhoneOS.platform/Developer/usr/local/lib/swift/host/plugins\#/Applications/Xcode_15.4.app/Contents/Developer/Platforms/iPhoneOS.platform/Developer/usr/bin/swift-plugin-server -plugin-path /Applications/Xcode_15.4.app/Contents/Developer/Toolchains/XcodeDefault.xctoolchain/usr/lib/swift/host/plugins -plugin-path /Applications/Xcode_15.4.app/Contents/Developer/Toolchains/XcodeDefault.xctoolchain/usr/local/lib/swift/host/plugins -o /Users/runner/Library/Developer/Xcode/DerivedData/VideoGrab-ektszpefytmtzvfduuvmogrbmoyt/Build/Intermediates.noindex/VideoGrab.build/Debug-iphonesimulator/VideoGrabTests.build/Objects-normal/arm64/SiteRules.o -o /Users/runner/Library/Developer/Xcode/DerivedData/VideoGrab-ektszpefytmtzvfduuvmogrbmoyt/Build/Intermediates.noindex/VideoGrab.build/Debug-iphonesimulator/VideoGrabTests.build/Objects-normal/arm64/SiteRulesTests.o -o /Users/runner/Library/Developer/Xcode/DerivedData/VideoGrab-ektszpefytmtzvfduuvmogrbmoyt/Build/Intermediates.noindex/VideoGrab.build/Debug-iphonesimulator/VideoGrabTests.build/Objects-normal/arm64/UILayout.o -o /Users/runner/Library/Developer/Xcode/DerivedData/VideoGrab-ektszpefytmtzvfduuvmogrbmoyt/Build/Intermediates.noindex/VideoGrab.build/Debug-iphonesimulator/VideoGrabTests.build/Objects-normal/arm64/UILayoutTests.o -o /Users/runner/Library/Developer/Xcode/DerivedData/VideoGrab-ektszpefytmtzvfduuvmogrbmoyt/Build/Intermediates.noindex/VideoGrab.build/Debug-iphonesimulator/VideoGrabTests.build/Objects-normal/arm64/UserScript.o -o /Users/runner/Library/Developer/Xcode/DerivedData/VideoGrab-ektszpefytmtzvfduuvmogrbmoyt/Build/Intermediates.noindex/VideoGrab.build/Debug-iphonesimulator/VideoGrabTests.build/Objects-normal/arm64/UserScriptTests.o -index-unit-output-path /VideoGrab.build/Debug-iphonesimulator/VideoGrabTests.build/Objects-normal/arm64/SiteRules.o -index-unit-output-path /VideoGrab.build/Debug-iphonesimulator/VideoGrabTests.build/Objects-normal/arm64/SiteRulesTests.o -index-unit-output-path /VideoGrab.build/Debug-iphonesimulator/VideoGrabTests.build/Objects-normal/arm64/UILayout.o -index-unit-output-path /VideoGrab.build/Debug-iphonesimulator/VideoGrabTests.build/Objects-normal/arm64/UILayoutTests.o -index-unit-output-path /VideoGrab.build/Debug-iphonesimulator/VideoGrabTests.build/Objects-normal/arm64/UserScript.o -index-unit-output-path /VideoGrab.build/Debug-iphonesimulator/VideoGrabTests.build/Objects-normal/arm64/UserScriptTests.o -index-store-path /Users/runner/Library/Developer/Xcode/DerivedData/VideoGrab-ektszpefytmtzvfduuvmogrbmoyt/Index.noindex/DataStore -index-system-modules

SwiftCompile normal arm64 /Users/runner/work/video-grab/video-grab/VideoGrabTests/SiteRulesTests.swift (in target 'VideoGrabTests' from project 'VideoGrab')
    cd /Users/runner/work/video-grab/video-grab
    /Applications/Xcode_15.4.app/Contents/Developer/Toolchains/XcodeDefault.xctoolchain/usr/bin/swift-frontend -c /Users/runner/work/video-grab/video-grab/app/BiliParse.swift /Users/runner/work/video-grab/video-grab/VideoGrabTests/BiliParseTests.swift /Users/runner/work/video-grab/video-grab/app/BlockList.swift /Users/runner/work/video-grab/video-grab/VideoGrabTests/BlockListTests.swift /Users/runner/work/video-grab/video-grab/app/CompressPlan.swift /Users/runner/work/video-grab/video-grab/VideoGrabTests/CompressPlanTests.swift /Users/runner/work/video-grab/video-grab/app/LinkText.swift /Users/runner/work/video-grab/video-grab/VideoGrabTests/LinkTextTests.swift /Users/runner/work/video-grab/video-grab/VideoGrabTests/LogicTests.swift /Users/runner/work/video-grab/video-grab/app/M3U8.swift /Users/runner/work/video-grab/video-grab/app/MagnetStatus.swift /Users/runner/work/video-grab/video-grab/VideoGrabTests/MagnetStatusTests.swift /Users/runner/work/video-grab/video-grab/app/PlaylistAnchor.swift -primary-file /Users/runner/work/video-grab/video-grab/app/SiteRules.swift -primary-file /Users/runner/work/video-grab/video-grab/VideoGrabTests/SiteRulesTests.swift -primary-file /Users/runner/work/video-grab/video-grab/app/UILayout.swift -primary-file /Users/runner/work/video-grab/video-grab/VideoGrabTests/UILayoutTests.swift -primary-file /Users/runner/work/video-grab/video-grab/app/UserScript.swift -primary-file /Users/runner/work/video-grab/video-grab/VideoGrabTests/UserScriptTests.swift -supplementary-output-file-map /Users/runner/Library/Developer/Xcode/DerivedData/VideoGrab-ektszpefytmtzvfduuvmogrbmoyt/Build/Intermediates.noindex/VideoGrab.build/Debug-iphonesimulator/VideoGrabTests.build/Objects-normal/arm64/supplementaryOutputs-3 -target arm64-apple-ios15.0-simulator -Xllvm -aarch64-use-tbi -enable-objc-interop -sdk /Applications/Xcode_15.4.app/Contents/Developer/Platforms/iPhoneSimulator.platform/Developer/SDKs/iPhoneSimulator17.5.sdk -I /Users/runner/Library/Developer/Xcode/DerivedData/VideoGrab-ektszpefytmtzvfduuvmogrbmoyt/Build/Products/Debug-iphonesimulator -I /Applications/Xcode_15.4.app/Contents/Developer/Platforms/iPhoneSimulator.platform/Developer/usr/lib -F /Users/runner/Library/Developer/Xcode/DerivedData/VideoGrab-ektszpefytmtzvfduuvmogrbmoyt/Build/Products/Debug-iphonesimulator -F /Applications/Xcode_15.4.app/Contents/Developer/Platforms/iPhoneSimulator.platform/Developer/Library/Frameworks -F /Applications/Xcode_15.4.app/Contents/Developer/Platforms/iPhoneSimulator.platform/Developer/SDKs/iPhoneSimulator17.5.sdk/Developer/Library/Frameworks -no-color-diagnostics -enable-testing -g -module-cache-path /Users/runner/Library/Developer/Xcode/DerivedData/ModuleCache.noindex -swift-version 5 -enforce-exclusivity\=checked -Onone -D DEBUG -serialize-debugging-options -const-gather-protocols-file /Users/runner/Library/Developer/Xcode/DerivedData/VideoGrab-ektszpefytmtzvfduuvmogrbmoyt/Build/Intermediates.noindex/VideoGrab.build/Debug-iphonesimulator/VideoGrabTests.build/Objects-normal/arm64/VideoGrabTests_const_extract_protocols.json -enable-bare-slash-regex -empty-abi-descriptor -validate-clang-modules-once -clang-build-session-file /Users/runner/Library/Developer/Xcode/DerivedData/ModuleCache.noindex/Session.modulevalidation -Xcc -working-directory -Xcc /Users/runner/work/video-grab/video-grab -resource-dir /Applications/Xcode_15.4.app/Contents/Developer/Toolchains/XcodeDefault.xctoolchain/usr/lib/swift -enable-anonymous-context-mangled-names -Xcc -ivfsstatcache -Xcc /Users/runner/Library/Developer/Xcode/DerivedData/SDKStatCaches.noindex/iphonesimulator17.5-21F77-23950cd4b3f73050108268841b0fa1a8.sdkstatcache -Xcc -I/Users/runner/Library/Developer/Xcode/DerivedData/VideoGrab-ektszpefytmtzvfduuvmogrbmoyt/Build/Intermediates.noindex/VideoGrab.build/Debug-iphonesimulator/VideoGrabTests.build/swift-overrides.hmap -Xcc -iquote -Xcc /Users/runner/Library/Developer/Xcode/DerivedData/VideoGrab-ektszpefytmtzvfduuvmogrbmoyt/Build/Intermediates.noindex/VideoGrab.build/Debug-iphonesimulator/VideoGrabTests.build/VideoGrabTests-generated-files.hmap -Xcc -I/Users/runner/Library/Developer/Xcode/DerivedData/VideoGrab-ektszpefytmtzvfduuvmogrbmoyt/Build/Intermediates.noindex/VideoGrab.build/Debug-iphonesimulator/VideoGrabTests.build/VideoGrabTests-own-target-headers.hmap -Xcc -I/Users/runner/Library/Developer/Xcode/DerivedData/VideoGrab-ektszpefytmtzvfduuvmogrbmoyt/Build/Intermediates.noindex/VideoGrab.build/Debug-iphonesimulator/VideoGrabTests.build/VideoGrabTests-all-target-headers.hmap -Xcc -iquote -Xcc /Users/runner/Library/Developer/Xcode/DerivedData/VideoGrab-ektszpefytmtzvfduuvmogrbmoyt/Build/Intermediates.noindex/VideoGrab.build/Debug-iphonesimulator/VideoGrabTests.build/VideoGrabTests-project-headers.hmap -Xcc -I/Users/runner/Library/Developer/Xcode/DerivedData/VideoGrab-ektszpefytmtzvfduuvmogrbmoyt/Build/Products/Debug-iphonesimulator/include -Xcc -I/Users/runner/Library/Developer/Xcode/DerivedData/VideoGrab-ektszpefytmtzvfduuvmogrbmoyt/Build/Intermediates.noindex/VideoGrab.build/Debug-iphonesimulator/VideoGrabTests.build/DerivedSources-normal/arm64 -Xcc -I/Users/runner/Library/Developer/Xcode/DerivedData/VideoGrab-ektszpefytmtzvfduuvmogrbmoyt/Build/Intermediates.noindex/VideoGrab.build/Debug-iphonesimulator/VideoGrabTests.build/DerivedSources/arm64 -Xcc -I/Users/runner/Library/Developer/Xcode/DerivedData/VideoGrab-ektszpefytmtzvfduuvmogrbmoyt/Build/Intermediates.noindex/VideoGrab.build/Debug-iphonesimulator/VideoGrabTests.build/DerivedSources -Xcc -DDEBUG\=1 -module-name VideoGrabTests -frontend-parseable-output -disable-clang-spi -target-sdk-version 17.5 -target-sdk-name iphonesimulator17.5 -external-plugin-path /Applications/Xcode_15.4.app/Contents/Developer/Platforms/iPhoneSimulator.platform/Developer/SDKs/iPhoneSimulator17.5.sdk/usr/lib/swift/host/plugins\#/Applications/Xcode_15.4.app/Contents/Developer/Platforms/iPhoneSimulator.platform/Developer/SDKs/iPhoneSimulator17.5.sdk/usr/bin/swift-plugin-server -external-plugin-path /Applications/Xcode_15.4.app/Contents/Developer/Platforms/iPhoneSimulator.platform/Developer/SDKs/iPhoneSimulator17.5.sdk/usr/local/lib/swift/host/plugins\#/Applications/Xcode_15.4.app/Contents/Developer/Platforms/iPhoneSimulator.platform/Developer/SDKs/iPhoneSimulator17.5.sdk/usr/bin/swift-plugin-server -external-plugin-path /Applications/Xcode_15.4.app/Contents/Developer/Platforms/iPhoneOS.platform/Developer/usr/lib/swift/host/plugins\#/Applications/Xcode_15.4.app/Contents/Developer/Platforms/iPhoneOS.platform/Developer/usr/bin/swift-plugin-server -external-plugin-path /Applications/Xcode_15.4.app/Contents/Developer/Platforms/iPhoneOS.platform/Developer/usr/local/lib/swift/host/plugins\#/Applications/Xcode_15.4.app/Contents/Developer/Platforms/iPhoneOS.platform/Developer/usr/bin/swift-plugin-server -plugin-path /Applications/Xcode_15.4.app/Contents/Developer/Toolchains/XcodeDefault.xctoolchain/usr/lib/swift/host/plugins -plugin-path /Applications/Xcode_15.4.app/Contents/Developer/Toolchains/XcodeDefault.xctoolchain/usr/local/lib/swift/host/plugins -o /Users/runner/Library/Developer/Xcode/DerivedData/VideoGrab-ektszpefytmtzvfduuvmogrbmoyt/Build/Intermediates.noindex/VideoGrab.build/Debug-iphonesimulator/VideoGrabTests.build/Objects-normal/arm64/SiteRules.o -o /Users/runner/Library/Developer/Xcode/DerivedData/VideoGrab-ektszpefytmtzvfduuvmogrbmoyt/Build/Intermediates.noindex/VideoGrab.build/Debug-iphonesimulator/VideoGrabTests.build/Objects-normal/arm64/SiteRulesTests.o -o /Users/runner/Library/Developer/Xcode/DerivedData/VideoGrab-ektszpefytmtzvfduuvmogrbmoyt/Build/Intermediates.noindex/VideoGrab.build/Debug-iphonesimulator/VideoGrabTests.build/Objects-normal/arm64/UILayout.o -o /Users/runner/Library/Developer/Xcode/DerivedData/VideoGrab-ektszpefytmtzvfduuvmogrbmoyt/Build/Intermediates.noindex/VideoGrab.build/Debug-iphonesimulator/VideoGrabTests.build/Objects-normal/arm64/UILayoutTests.o -o /Users/runner/Library/Developer/Xcode/DerivedData/VideoGrab-ektszpefytmtzvfduuvmogrbmoyt/Build/Intermediates.noindex/VideoGrab.build/Debug-iphonesimulator/VideoGrabTests.build/Objects-normal/arm64/UserScript.o -o /Users/runner/Library/Developer/Xcode/DerivedData/VideoGrab-ektszpefytmtzvfduuvmogrbmoyt/Build/Intermediates.noindex/VideoGrab.build/Debug-iphonesimulator/VideoGrabTests.build/Objects-normal/arm64/UserScriptTests.o -index-unit-output-path /VideoGrab.build/Debug-iphonesimulator/VideoGrabTests.build/Objects-normal/arm64/SiteRules.o -index-unit-output-path /VideoGrab.build/Debug-iphonesimulator/VideoGrabTests.build/Objects-normal/arm64/SiteRulesTests.o -index-unit-output-path /VideoGrab.build/Debug-iphonesimulator/VideoGrabTests.build/Objects-normal/arm64/UILayout.o -index-unit-output-path /VideoGrab.build/Debug-iphonesimulator/VideoGrabTests.build/Objects-normal/arm64/UILayoutTests.o -index-unit-output-path /VideoGrab.build/Debug-iphonesimulator/VideoGrabTests.build/Objects-normal/arm64/UserScript.o -index-unit-output-path /VideoGrab.build/Debug-iphonesimulator/VideoGrabTests.build/Objects-normal/arm64/UserScriptTests.o -index-store-path /Users/runner/Library/Developer/Xcode/DerivedData/VideoGrab-ektszpefytmtzvfduuvmogrbmoyt/Index.noindex/DataStore -index-system-modules

SwiftCompile normal arm64 /Users/runner/work/video-grab/video-grab/app/UILayout.swift (in target 'VideoGrabTests' from project 'VideoGrab')
    cd /Users/runner/work/video-grab/video-grab
    /Applications/Xcode_15.4.app/Contents/Developer/Toolchains/XcodeDefault.xctoolchain/usr/bin/swift-frontend -c /Users/runner/work/video-grab/video-grab/app/BiliParse.swift /Users/runner/work/video-grab/video-grab/VideoGrabTests/BiliParseTests.swift /Users/runner/work/video-grab/video-grab/app/BlockList.swift /Users/runner/work/video-grab/video-grab/VideoGrabTests/BlockListTests.swift /Users/runner/work/video-grab/video-grab/app/CompressPlan.swift /Users/runner/work/video-grab/video-grab/VideoGrabTests/CompressPlanTests.swift /Users/runner/work/video-grab/video-grab/app/LinkText.swift /Users/runner/work/video-grab/video-grab/VideoGrabTests/LinkTextTests.swift /Users/runner/work/video-grab/video-grab/VideoGrabTests/LogicTests.swift /Users/runner/work/video-grab/video-grab/app/M3U8.swift /Users/runner/work/video-grab/video-grab/app/MagnetStatus.swift /Users/runner/work/video-grab/video-grab/VideoGrabTests/MagnetStatusTests.swift /Users/runner/work/video-grab/video-grab/app/PlaylistAnchor.swift -primary-file /Users/runner/work/video-grab/video-grab/app/SiteRules.swift -primary-file /Users/runner/work/video-grab/video-grab/VideoGrabTests/SiteRulesTests.swift -primary-file /Users/runner/work/video-grab/video-grab/app/UILayout.swift -primary-file /Users/runner/work/video-grab/video-grab/VideoGrabTests/UILayoutTests.swift -primary-file /Users/runner/work/video-grab/video-grab/app/UserScript.swift -primary-file /Users/runner/work/video-grab/video-grab/VideoGrabTests/UserScriptTests.swift -supplementary-output-file-map /Users/runner/Library/Developer/Xcode/DerivedData/VideoGrab-ektszpefytmtzvfduuvmogrbmoyt/Build/Intermediates.noindex/VideoGrab.build/Debug-iphonesimulator/VideoGrabTests.build/Objects-normal/arm64/supplementaryOutputs-3 -target arm64-apple-ios15.0-simulator -Xllvm -aarch64-use-tbi -enable-objc-interop -sdk /Applications/Xcode_15.4.app/Contents/Developer/Platforms/iPhoneSimulator.platform/Developer/SDKs/iPhoneSimulator17.5.sdk -I /Users/runner/Library/Developer/Xcode/DerivedData/VideoGrab-ektszpefytmtzvfduuvmogrbmoyt/Build/Products/Debug-iphonesimulator -I /Applications/Xcode_15.4.app/Contents/Developer/Platforms/iPhoneSimulator.platform/Developer/usr/lib -F /Users/runner/Library/Developer/Xcode/DerivedData/VideoGrab-ektszpefytmtzvfduuvmogrbmoyt/Build/Products/Debug-iphonesimulator -F /Applications/Xcode_15.4.app/Contents/Developer/Platforms/iPhoneSimulator.platform/Developer/Library/Frameworks -F /Applications/Xcode_15.4.app/Contents/Developer/Platforms/iPhoneSimulator.platform/Developer/SDKs/iPhoneSimulator17.5.sdk/Developer/Library/Frameworks -no-color-diagnostics -enable-testing -g -module-cache-path /Users/runner/Library/Developer/Xcode/DerivedData/ModuleCache.noindex -swift-version 5 -enforce-exclusivity\=checked -Onone -D DEBUG -serialize-debugging-options -const-gather-protocols-file /Users/runner/Library/Developer/Xcode/DerivedData/VideoGrab-ektszpefytmtzvfduuvmogrbmoyt/Build/Intermediates.noindex/VideoGrab.build/Debug-iphonesimulator/VideoGrabTests.build/Objects-normal/arm64/VideoGrabTests_const_extract_protocols.json -enable-bare-slash-regex -empty-abi-descriptor -validate-clang-modules-once -clang-build-session-file /Users/runner/Library/Developer/Xcode/DerivedData/ModuleCache.noindex/Session.modulevalidation -Xcc -working-directory -Xcc /Users/runner/work/video-grab/video-grab -resource-dir /Applications/Xcode_15.4.app/Contents/Developer/Toolchains/XcodeDefault.xctoolchain/usr/lib/swift -enable-anonymous-context-mangled-names -Xcc -ivfsstatcache -Xcc /Users/runner/Library/Developer/Xcode/DerivedData/SDKStatCaches.noindex/iphonesimulator17.5-21F77-23950cd4b3f73050108268841b0fa1a8.sdkstatcache -Xcc -I/Users/runner/Library/Developer/Xcode/DerivedData/VideoGrab-ektszpefytmtzvfduuvmogrbmoyt/Build/Intermediates.noindex/VideoGrab.build/Debug-iphonesimulator/VideoGrabTests.build/swift-overrides.hmap -Xcc -iquote -Xcc /Users/runner/Library/Developer/Xcode/DerivedData/VideoGrab-ektszpefytmtzvfduuvmogrbmoyt/Build/Intermediates.noindex/VideoGrab.build/Debug-iphonesimulator/VideoGrabTests.build/VideoGrabTests-generated-files.hmap -Xcc -I/Users/runner/Library/Developer/Xcode/DerivedData/VideoGrab-ektszpefytmtzvfduuvmogrbmoyt/Build/Intermediates.noindex/VideoGrab.build/Debug-iphonesimulator/VideoGrabTests.build/VideoGrabTests-own-target-headers.hmap -Xcc -I/Users/runner/Library/Developer/Xcode/DerivedData/VideoGrab-ektszpefytmtzvfduuvmogrbmoyt/Build/Intermediates.noindex/VideoGrab.build/Debug-iphonesimulator/VideoGrabTests.build/VideoGrabTests-all-target-headers.hmap -Xcc -iquote -Xcc /Users/runner/Library/Developer/Xcode/DerivedData/VideoGrab-ektszpefytmtzvfduuvmogrbmoyt/Build/Intermediates.noindex/VideoGrab.build/Debug-iphonesimulator/VideoGrabTests.build/VideoGrabTests-project-headers.hmap -Xcc -I/Users/runner/Library/Developer/Xcode/DerivedData/VideoGrab-ektszpefytmtzvfduuvmogrbmoyt/Build/Products/Debug-iphonesimulator/include -Xcc -I/Users/runner/Library/Developer/Xcode/DerivedData/VideoGrab-ektszpefytmtzvfduuvmogrbmoyt/Build/Intermediates.noindex/VideoGrab.build/Debug-iphonesimulator/VideoGrabTests.build/DerivedSources-normal/arm64 -Xcc -I/Users/runner/Library/Developer/Xcode/DerivedData/VideoGrab-ektszpefytmtzvfduuvmogrbmoyt/Build/Intermediates.noindex/VideoGrab.build/Debug-iphonesimulator/VideoGrabTests.build/DerivedSources/arm64 -Xcc -I/Users/runner/Library/Developer/Xcode/DerivedData/VideoGrab-ektszpefytmtzvfduuvmogrbmoyt/Build/Intermediates.noindex/VideoGrab.build/Debug-iphonesimulator/VideoGrabTests.build/DerivedSources -Xcc -DDEBUG\=1 -module-name VideoGrabTests -frontend-parseable-output -disable-clang-spi -target-sdk-version 17.5 -target-sdk-name iphonesimulator17.5 -external-plugin-path /Applications/Xcode_15.4.app/Contents/Developer/Platforms/iPhoneSimulator.platform/Developer/SDKs/iPhoneSimulator17.5.sdk/usr/lib/swift/host/plugins\#/Applications/Xcode_15.4.app/Contents/Developer/Platforms/iPhoneSimulator.platform/Developer/SDKs/iPhoneSimulator17.5.sdk/usr/bin/swift-plugin-server -external-plugin-path /Applications/Xcode_15.4.app/Contents/Developer/Platforms/iPhoneSimulator.platform/Developer/SDKs/iPhoneSimulator17.5.sdk/usr/local/lib/swift/host/plugins\#/Applications/Xcode_15.4.app/Contents/Developer/Platforms/iPhoneSimulator.platform/Developer/SDKs/iPhoneSimulator17.5.sdk/usr/bin/swift-plugin-server -external-plugin-path /Applications/Xcode_15.4.app/Contents/Developer/Platforms/iPhoneOS.platform/Developer/usr/lib/swift/host/plugins\#/Applications/Xcode_15.4.app/Contents/Developer/Platforms/iPhoneOS.platform/Developer/usr/bin/swift-plugin-server -external-plugin-path /Applications/Xcode_15.4.app/Contents/Developer/Platforms/iPhoneOS.platform/Developer/usr/local/lib/swift/host/plugins\#/Applications/Xcode_15.4.app/Contents/Developer/Platforms/iPhoneOS.platform/Developer/usr/bin/swift-plugin-server -plugin-path /Applications/Xcode_15.4.app/Contents/Developer/Toolchains/XcodeDefault.xctoolchain/usr/lib/swift/host/plugins -plugin-path /Applications/Xcode_15.4.app/Contents/Developer/Toolchains/XcodeDefault.xctoolchain/usr/local/lib/swift/host/plugins -o /Users/runner/Library/Developer/Xcode/DerivedData/VideoGrab-ektszpefytmtzvfduuvmogrbmoyt/Build/Intermediates.noindex/VideoGrab.build/Debug-iphonesimulator/VideoGrabTests.build/Objects-normal/arm64/SiteRules.o -o /Users/runner/Library/Developer/Xcode/DerivedData/VideoGrab-ektszpefytmtzvfduuvmogrbmoyt/Build/Intermediates.noindex/VideoGrab.build/Debug-iphonesimulator/VideoGrabTests.build/Objects-normal/arm64/SiteRulesTests.o -o /Users/runner/Library/Developer/Xcode/DerivedData/VideoGrab-ektszpefytmtzvfduuvmogrbmoyt/Build/Intermediates.noindex/VideoGrab.build/Debug-iphonesimulator/VideoGrabTests.build/Objects-normal/arm64/UILayout.o -o /Users/runner/Library/Developer/Xcode/DerivedData/VideoGrab-ektszpefytmtzvfduuvmogrbmoyt/Build/Intermediates.noindex/VideoGrab.build/Debug-iphonesimulator/VideoGrabTests.build/Objects-normal/arm64/UILayoutTests.o -o /Users/runner/Library/Developer/Xcode/DerivedData/VideoGrab-ektszpefytmtzvfduuvmogrbmoyt/Build/Intermediates.noindex/VideoGrab.build/Debug-iphonesimulator/VideoGrabTests.build/Objects-normal/arm64/UserScript.o -o /Users/runner/Library/Developer/Xcode/DerivedData/VideoGrab-ektszpefytmtzvfduuvmogrbmoyt/Build/Intermediates.noindex/VideoGrab.build/Debug-iphonesimulator/VideoGrabTests.build/Objects-normal/arm64/UserScriptTests.o -index-unit-output-path /VideoGrab.build/Debug-iphonesimulator/VideoGrabTests.build/Objects-normal/arm64/SiteRules.o -index-unit-output-path /VideoGrab.build/Debug-iphonesimulator/VideoGrabTests.build/Objects-normal/arm64/SiteRulesTests.o -index-unit-output-path /VideoGrab.build/Debug-iphonesimulator/VideoGrabTests.build/Objects-normal/arm64/UILayout.o -index-unit-output-path /VideoGrab.build/Debug-iphonesimulator/VideoGrabTests.build/Objects-normal/arm64/UILayoutTests.o -index-unit-output-path /VideoGrab.build/Debug-iphonesimulator/VideoGrabTests.build/Objects-normal/arm64/UserScript.o -index-unit-output-path /VideoGrab.build/Debug-iphonesimulator/VideoGrabTests.build/Objects-normal/arm64/UserScriptTests.o -index-store-path /Users/runner/Library/Developer/Xcode/DerivedData/VideoGrab-ektszpefytmtzvfduuvmogrbmoyt/Index.noindex/DataStore -index-system-modules

SwiftCompile normal arm64 /Users/runner/work/video-grab/video-grab/VideoGrabTests/UILayoutTests.swift (in target 'VideoGrabTests' from project 'VideoGrab')
    cd /Users/runner/work/video-grab/video-grab
    /Applications/Xcode_15.4.app/Contents/Developer/Toolchains/XcodeDefault.xctoolchain/usr/bin/swift-frontend -c /Users/runner/work/video-grab/video-grab/app/BiliParse.swift /Users/runner/work/video-grab/video-grab/VideoGrabTests/BiliParseTests.swift /Users/runner/work/video-grab/video-grab/app/BlockList.swift /Users/runner/work/video-grab/video-grab/VideoGrabTests/BlockListTests.swift /Users/runner/work/video-grab/video-grab/app/CompressPlan.swift /Users/runner/work/video-grab/video-grab/VideoGrabTests/CompressPlanTests.swift /Users/runner/work/video-grab/video-grab/app/LinkText.swift /Users/runner/work/video-grab/video-grab/VideoGrabTests/LinkTextTests.swift /Users/runner/work/video-grab/video-grab/VideoGrabTests/LogicTests.swift /Users/runner/work/video-grab/video-grab/app/M3U8.swift /Users/runner/work/video-grab/video-grab/app/MagnetStatus.swift /Users/runner/work/video-grab/video-grab/VideoGrabTests/MagnetStatusTests.swift /Users/runner/work/video-grab/video-grab/app/PlaylistAnchor.swift -primary-file /Users/runner/work/video-grab/video-grab/app/SiteRules.swift -primary-file /Users/runner/work/video-grab/video-grab/VideoGrabTests/SiteRulesTests.swift -primary-file /Users/runner/work/video-grab/video-grab/app/UILayout.swift -primary-file /Users/runner/work/video-grab/video-grab/VideoGrabTests/UILayoutTests.swift -primary-file /Users/runner/work/video-grab/video-grab/app/UserScript.swift -primary-file /Users/runner/work/video-grab/video-grab/VideoGrabTests/UserScriptTests.swift -supplementary-output-file-map /Users/runner/Library/Developer/Xcode/DerivedData/VideoGrab-ektszpefytmtzvfduuvmogrbmoyt/Build/Intermediates.noindex/VideoGrab.build/Debug-iphonesimulator/VideoGrabTests.build/Objects-normal/arm64/supplementaryOutputs-3 -target arm64-apple-ios15.0-simulator -Xllvm -aarch64-use-tbi -enable-objc-interop -sdk /Applications/Xcode_15.4.app/Contents/Developer/Platforms/iPhoneSimulator.platform/Developer/SDKs/iPhoneSimulator17.5.sdk -I /Users/runner/Library/Developer/Xcode/DerivedData/VideoGrab-ektszpefytmtzvfduuvmogrbmoyt/Build/Products/Debug-iphonesimulator -I /Applications/Xcode_15.4.app/Contents/Developer/Platforms/iPhoneSimulator.platform/Developer/usr/lib -F /Users/runner/Library/Developer/Xcode/DerivedData/VideoGrab-ektszpefytmtzvfduuvmogrbmoyt/Build/Products/Debug-iphonesimulator -F /Applications/Xcode_15.4.app/Contents/Developer/Platforms/iPhoneSimulator.platform/Developer/Library/Frameworks -F /Applications/Xcode_15.4.app/Contents/Developer/Platforms/iPhoneSimulator.platform/Developer/SDKs/iPhoneSimulator17.5.sdk/Developer/Library/Frameworks -no-color-diagnostics -enable-testing -g -module-cache-path /Users/runner/Library/Developer/Xcode/DerivedData/ModuleCache.noindex -swift-version 5 -enforce-exclusivity\=checked -Onone -D DEBUG -serialize-debugging-options -const-gather-protocols-file /Users/runner/Library/Developer/Xcode/DerivedData/VideoGrab-ektszpefytmtzvfduuvmogrbmoyt/Build/Intermediates.noindex/VideoGrab.build/Debug-iphonesimulator/VideoGrabTests.build/Objects-normal/arm64/VideoGrabTests_const_extract_protocols.json -enable-bare-slash-regex -empty-abi-descriptor -validate-clang-modules-once -clang-build-session-file /Users/runner/Library/Developer/Xcode/DerivedData/ModuleCache.noindex/Session.modulevalidation -Xcc -working-directory -Xcc /Users/runner/work/video-grab/video-grab -resource-dir /Applications/Xcode_15.4.app/Contents/Developer/Toolchains/XcodeDefault.xctoolchain/usr/lib/swift -enable-anonymous-context-mangled-names -Xcc -ivfsstatcache -Xcc /Users/runner/Library/Developer/Xcode/DerivedData/SDKStatCaches.noindex/iphonesimulator17.5-21F77-23950cd4b3f73050108268841b0fa1a8.sdkstatcache -Xcc -I/Users/runner/Library/Developer/Xcode/DerivedData/VideoGrab-ektszpefytmtzvfduuvmogrbmoyt/Build/Intermediates.noindex/VideoGrab.build/Debug-iphonesimulator/VideoGrabTests.build/swift-overrides.hmap -Xcc -iquote -Xcc /Users/runner/Library/Developer/Xcode/DerivedData/VideoGrab-ektszpefytmtzvfduuvmogrbmoyt/Build/Intermediates.noindex/VideoGrab.build/Debug-iphonesimulator/VideoGrabTests.build/VideoGrabTests-generated-files.hmap -Xcc -I/Users/runner/Library/Developer/Xcode/DerivedData/VideoGrab-ektszpefytmtzvfduuvmogrbmoyt/Build/Intermediates.noindex/VideoGrab.build/Debug-iphonesimulator/VideoGrabTests.build/VideoGrabTests-own-target-headers.hmap -Xcc -I/Users/runner/Library/Developer/Xcode/DerivedData/VideoGrab-ektszpefytmtzvfduuvmogrbmoyt/Build/Intermediates.noindex/VideoGrab.build/Debug-iphonesimulator/VideoGrabTests.build/VideoGrabTests-all-target-headers.hmap -Xcc -iquote -Xcc /Users/runner/Library/Developer/Xcode/DerivedData/VideoGrab-ektszpefytmtzvfduuvmogrbmoyt/Build/Intermediates.noindex/VideoGrab.build/Debug-iphonesimulator/VideoGrabTests.build/VideoGrabTests-project-headers.hmap -Xcc -I/Users/runner/Library/Developer/Xcode/DerivedData/VideoGrab-ektszpefytmtzvfduuvmogrbmoyt/Build/Products/Debug-iphonesimulator/include -Xcc -I/Users/runner/Library/Developer/Xcode/DerivedData/VideoGrab-ektszpefytmtzvfduuvmogrbmoyt/Build/Intermediates.noindex/VideoGrab.build/Debug-iphonesimulator/VideoGrabTests.build/DerivedSources-normal/arm64 -Xcc -I/Users/runner/Library/Developer/Xcode/DerivedData/VideoGrab-ektszpefytmtzvfduuvmogrbmoyt/Build/Intermediates.noindex/VideoGrab.build/Debug-iphonesimulator/VideoGrabTests.build/DerivedSources/arm64 -Xcc -I/Users/runner/Library/Developer/Xcode/DerivedData/VideoGrab-ektszpefytmtzvfduuvmogrbmoyt/Build/Intermediates.noindex/VideoGrab.build/Debug-iphonesimulator/VideoGrabTests.build/DerivedSources -Xcc -DDEBUG\=1 -module-name VideoGrabTests -frontend-parseable-output -disable-clang-spi -target-sdk-version 17.5 -target-sdk-name iphonesimulator17.5 -external-plugin-path /Applications/Xcode_15.4.app/Contents/Developer/Platforms/iPhoneSimulator.platform/Developer/SDKs/iPhoneSimulator17.5.sdk/usr/lib/swift/host/plugins\#/Applications/Xcode_15.4.app/Contents/Developer/Platforms/iPhoneSimulator.platform/Developer/SDKs/iPhoneSimulator17.5.sdk/usr/bin/swift-plugin-server -external-plugin-path /Applications/Xcode_15.4.app/Contents/Developer/Platforms/iPhoneSimulator.platform/Developer/SDKs/iPhoneSimulator17.5.sdk/usr/local/lib/swift/host/plugins\#/Applications/Xcode_15.4.app/Contents/Developer/Platforms/iPhoneSimulator.platform/Developer/SDKs/iPhoneSimulator17.5.sdk/usr/bin/swift-plugin-server -external-plugin-path /Applications/Xcode_15.4.app/Contents/Developer/Platforms/iPhoneOS.platform/Developer/usr/lib/swift/host/plugins\#/Applications/Xcode_15.4.app/Contents/Developer/Platforms/iPhoneOS.platform/Developer/usr/bin/swift-plugin-server -external-plugin-path /Applications/Xcode_15.4.app/Contents/Developer/Platforms/iPhoneOS.platform/Developer/usr/local/lib/swift/host/plugins\#/Applications/Xcode_15.4.app/Contents/Developer/Platforms/iPhoneOS.platform/Developer/usr/bin/swift-plugin-server -plugin-path /Applications/Xcode_15.4.app/Contents/Developer/Toolchains/XcodeDefault.xctoolchain/usr/lib/swift/host/plugins -plugin-path /Applications/Xcode_15.4.app/Contents/Developer/Toolchains/XcodeDefault.xctoolchain/usr/local/lib/swift/host/plugins -o /Users/runner/Library/Developer/Xcode/DerivedData/VideoGrab-ektszpefytmtzvfduuvmogrbmoyt/Build/Intermediates.noindex/VideoGrab.build/Debug-iphonesimulator/VideoGrabTests.build/Objects-normal/arm64/SiteRules.o -o /Users/runner/Library/Developer/Xcode/DerivedData/VideoGrab-ektszpefytmtzvfduuvmogrbmoyt/Build/Intermediates.noindex/VideoGrab.build/Debug-iphonesimulator/VideoGrabTests.build/Objects-normal/arm64/SiteRulesTests.o -o /Users/runner/Library/Developer/Xcode/DerivedData/VideoGrab-ektszpefytmtzvfduuvmogrbmoyt/Build/Intermediates.noindex/VideoGrab.build/Debug-iphonesimulator/VideoGrabTests.build/Objects-normal/arm64/UILayout.o -o /Users/runner/Library/Developer/Xcode/DerivedData/VideoGrab-ektszpefytmtzvfduuvmogrbmoyt/Build/Intermediates.noindex/VideoGrab.build/Debug-iphonesimulator/VideoGrabTests.build/Objects-normal/arm64/UILayoutTests.o -o /Users/runner/Library/Developer/Xcode/DerivedData/VideoGrab-ektszpefytmtzvfduuvmogrbmoyt/Build/Intermediates.noindex/VideoGrab.build/Debug-iphonesimulator/VideoGrabTests.build/Objects-normal/arm64/UserScript.o -o /Users/runner/Library/Developer/Xcode/DerivedData/VideoGrab-ektszpefytmtzvfduuvmogrbmoyt/Build/Intermediates.noindex/VideoGrab.build/Debug-iphonesimulator/VideoGrabTests.build/Objects-normal/arm64/UserScriptTests.o -index-unit-output-path /VideoGrab.build/Debug-iphonesimulator/VideoGrabTests.build/Objects-normal/arm64/SiteRules.o -index-unit-output-path /VideoGrab.build/Debug-iphonesimulator/VideoGrabTests.build/Objects-normal/arm64/SiteRulesTests.o -index-unit-output-path /VideoGrab.build/Debug-iphonesimulator/VideoGrabTests.build/Objects-normal/arm64/UILayout.o -index-unit-output-path /VideoGrab.build/Debug-iphonesimulator/VideoGrabTests.build/Objects-normal/arm64/UILayoutTests.o -index-unit-output-path /VideoGrab.build/Debug-iphonesimulator/VideoGrabTests.build/Objects-normal/arm64/UserScript.o -index-unit-output-path /VideoGrab.build/Debug-iphonesimulator/VideoGrabTests.build/Objects-normal/arm64/UserScriptTests.o -index-store-path /Users/runner/Library/Developer/Xcode/DerivedData/VideoGrab-ektszpefytmtzvfduuvmogrbmoyt/Index.noindex/DataStore -index-system-modules

SwiftCompile normal arm64 /Users/runner/work/video-grab/video-grab/app/UserScript.swift (in target 'VideoGrabTests' from project 'VideoGrab')
    cd /Users/runner/work/video-grab/video-grab
    /Applications/Xcode_15.4.app/Contents/Developer/Toolchains/XcodeDefault.xctoolchain/usr/bin/swift-frontend -c /Users/runner/work/video-grab/video-grab/app/BiliParse.swift /Users/runner/work/video-grab/video-grab/VideoGrabTests/BiliParseTests.swift /Users/runner/work/video-grab/video-grab/app/BlockList.swift /Users/runner/work/video-grab/video-grab/VideoGrabTests/BlockListTests.swift /Users/runner/work/video-grab/video-grab/app/CompressPlan.swift /Users/runner/work/video-grab/video-grab/VideoGrabTests/CompressPlanTests.swift /Users/runner/work/video-grab/video-grab/app/LinkText.swift /Users/runner/work/video-grab/video-grab/VideoGrabTests/LinkTextTests.swift /Users/runner/work/video-grab/video-grab/VideoGrabTests/LogicTests.swift /Users/runner/work/video-grab/video-grab/app/M3U8.swift /Users/runner/work/video-grab/video-grab/app/MagnetStatus.swift /Users/runner/work/video-grab/video-grab/VideoGrabTests/MagnetStatusTests.swift /Users/runner/work/video-grab/video-grab/app/PlaylistAnchor.swift -primary-file /Users/runner/work/video-grab/video-grab/app/SiteRules.swift -primary-file /Users/runner/work/video-grab/video-grab/VideoGrabTests/SiteRulesTests.swift -primary-file /Users/runner/work/video-grab/video-grab/app/UILayout.swift -primary-file /Users/runner/work/video-grab/video-grab/VideoGrabTests/UILayoutTests.swift -primary-file /Users/runner/work/video-grab/video-grab/app/UserScript.swift -primary-file /Users/runner/work/video-grab/video-grab/VideoGrabTests/UserScriptTests.swift -supplementary-output-file-map /Users/runner/Library/Developer/Xcode/DerivedData/VideoGrab-ektszpefytmtzvfduuvmogrbmoyt/Build/Intermediates.noindex/VideoGrab.build/Debug-iphonesimulator/VideoGrabTests.build/Objects-normal/arm64/supplementaryOutputs-3 -target arm64-apple-ios15.0-simulator -Xllvm -aarch64-use-tbi -enable-objc-interop -sdk /Applications/Xcode_15.4.app/Contents/Developer/Platforms/iPhoneSimulator.platform/Developer/SDKs/iPhoneSimulator17.5.sdk -I /Users/runner/Library/Developer/Xcode/DerivedData/VideoGrab-ektszpefytmtzvfduuvmogrbmoyt/Build/Products/Debug-iphonesimulator -I /Applications/Xcode_15.4.app/Contents/Developer/Platforms/iPhoneSimulator.platform/Developer/usr/lib -F /Users/runner/Library/Developer/Xcode/DerivedData/VideoGrab-ektszpefytmtzvfduuvmogrbmoyt/Build/Products/Debug-iphonesimulator -F /Applications/Xcode_15.4.app/Contents/Developer/Platforms/iPhoneSimulator.platform/Developer/Library/Frameworks -F /Applications/Xcode_15.4.app/Contents/Developer/Platforms/iPhoneSimulator.platform/Developer/SDKs/iPhoneSimulator17.5.sdk/Developer/Library/Frameworks -no-color-diagnostics -enable-testing -g -module-cache-path /Users/runner/Library/Developer/Xcode/DerivedData/ModuleCache.noindex -swift-version 5 -enforce-exclusivity\=checked -Onone -D DEBUG -serialize-debugging-options -const-gather-protocols-file /Users/runner/Library/Developer/Xcode/DerivedData/VideoGrab-ektszpefytmtzvfduuvmogrbmoyt/Build/Intermediates.noindex/VideoGrab.build/Debug-iphonesimulator/VideoGrabTests.build/Objects-normal/arm64/VideoGrabTests_const_extract_protocols.json -enable-bare-slash-regex -empty-abi-descriptor -validate-clang-modules-once -clang-build-session-file /Users/runner/Library/Developer/Xcode/DerivedData/ModuleCache.noindex/Session.modulevalidation -Xcc -working-directory -Xcc /Users/runner/work/video-grab/video-grab -resource-dir /Applications/Xcode_15.4.app/Contents/Developer/Toolchains/XcodeDefault.xctoolchain/usr/lib/swift -enable-anonymous-context-mangled-names -Xcc -ivfsstatcache -Xcc /Users/runner/Library/Developer/Xcode/DerivedData/SDKStatCaches.noindex/iphonesimulator17.5-21F77-23950cd4b3f73050108268841b0fa1a8.sdkstatcache -Xcc -I/Users/runner/Library/Developer/Xcode/DerivedData/VideoGrab-ektszpefytmtzvfduuvmogrbmoyt/Build/Intermediates.noindex/VideoGrab.build/Debug-iphonesimulator/VideoGrabTests.build/swift-overrides.hmap -Xcc -iquote -Xcc /Users/runner/Library/Developer/Xcode/DerivedData/VideoGrab-ektszpefytmtzvfduuvmogrbmoyt/Build/Intermediates.noindex/VideoGrab.build/Debug-iphonesimulator/VideoGrabTests.build/VideoGrabTests-generated-files.hmap -Xcc -I/Users/runner/Library/Developer/Xcode/DerivedData/VideoGrab-ektszpefytmtzvfduuvmogrbmoyt/Build/Intermediates.noindex/VideoGrab.build/Debug-iphonesimulator/VideoGrabTests.build/VideoGrabTests-own-target-headers.hmap -Xcc -I/Users/runner/Library/Developer/Xcode/DerivedData/VideoGrab-ektszpefytmtzvfduuvmogrbmoyt/Build/Intermediates.noindex/VideoGrab.build/Debug-iphonesimulator/VideoGrabTests.build/VideoGrabTests-all-target-headers.hmap -Xcc -iquote -Xcc /Users/runner/Library/Developer/Xcode/DerivedData/VideoGrab-ektszpefytmtzvfduuvmogrbmoyt/Build/Intermediates.noindex/VideoGrab.build/Debug-iphonesimulator/VideoGrabTests.build/VideoGrabTests-project-headers.hmap -Xcc -I/Users/runner/Library/Developer/Xcode/DerivedData/VideoGrab-ektszpefytmtzvfduuvmogrbmoyt/Build/Products/Debug-iphonesimulator/include -Xcc -I/Users/runner/Library/Developer/Xcode/DerivedData/VideoGrab-ektszpefytmtzvfduuvmogrbmoyt/Build/Intermediates.noindex/VideoGrab.build/Debug-iphonesimulator/VideoGrabTests.build/DerivedSources-normal/arm64 -Xcc -I/Users/runner/Library/Developer/Xcode/DerivedData/VideoGrab-ektszpefytmtzvfduuvmogrbmoyt/Build/Intermediates.noindex/VideoGrab.build/Debug-iphonesimulator/VideoGrabTests.build/DerivedSources/arm64 -Xcc -I/Users/runner/Library/Developer/Xcode/DerivedData/VideoGrab-ektszpefytmtzvfduuvmogrbmoyt/Build/Intermediates.noindex/VideoGrab.build/Debug-iphonesimulator/VideoGrabTests.build/DerivedSources -Xcc -DDEBUG\=1 -module-name VideoGrabTests -frontend-parseable-output -disable-clang-spi -target-sdk-version 17.5 -target-sdk-name iphonesimulator17.5 -external-plugin-path /Applications/Xcode_15.4.app/Contents/Developer/Platforms/iPhoneSimulator.platform/Developer/SDKs/iPhoneSimulator17.5.sdk/usr/lib/swift/host/plugins\#/Applications/Xcode_15.4.app/Contents/Developer/Platforms/iPhoneSimulator.platform/Developer/SDKs/iPhoneSimulator17.5.sdk/usr/bin/swift-plugin-server -external-plugin-path /Applications/Xcode_15.4.app/Contents/Developer/Platforms/iPhoneSimulator.platform/Developer/SDKs/iPhoneSimulator17.5.sdk/usr/local/lib/swift/host/plugins\#/Applications/Xcode_15.4.app/Contents/Developer/Platforms/iPhoneSimulator.platform/Developer/SDKs/iPhoneSimulator17.5.sdk/usr/bin/swift-plugin-server -external-plugin-path /Applications/Xcode_15.4.app/Contents/Developer/Platforms/iPhoneOS.platform/Developer/usr/lib/swift/host/plugins\#/Applications/Xcode_15.4.app/Contents/Developer/Platforms/iPhoneOS.platform/Developer/usr/bin/swift-plugin-server -external-plugin-path /Applications/Xcode_15.4.app/Contents/Developer/Platforms/iPhoneOS.platform/Developer/usr/local/lib/swift/host/plugins\#/Applications/Xcode_15.4.app/Contents/Developer/Platforms/iPhoneOS.platform/Developer/usr/bin/swift-plugin-server -plugin-path /Applications/Xcode_15.4.app/Contents/Developer/Toolchains/XcodeDefault.xctoolchain/usr/lib/swift/host/plugins -plugin-path /Applications/Xcode_15.4.app/Contents/Developer/Toolchains/XcodeDefault.xctoolchain/usr/local/lib/swift/host/plugins -o /Users/runner/Library/Developer/Xcode/DerivedData/VideoGrab-ektszpefytmtzvfduuvmogrbmoyt/Build/Intermediates.noindex/VideoGrab.build/Debug-iphonesimulator/VideoGrabTests.build/Objects-normal/arm64/SiteRules.o -o /Users/runner/Library/Developer/Xcode/DerivedData/VideoGrab-ektszpefytmtzvfduuvmogrbmoyt/Build/Intermediates.noindex/VideoGrab.build/Debug-iphonesimulator/VideoGrabTests.build/Objects-normal/arm64/SiteRulesTests.o -o /Users/runner/Library/Developer/Xcode/DerivedData/VideoGrab-ektszpefytmtzvfduuvmogrbmoyt/Build/Intermediates.noindex/VideoGrab.build/Debug-iphonesimulator/VideoGrabTests.build/Objects-normal/arm64/UILayout.o -o /Users/runner/Library/Developer/Xcode/DerivedData/VideoGrab-ektszpefytmtzvfduuvmogrbmoyt/Build/Intermediates.noindex/VideoGrab.build/Debug-iphonesimulator/VideoGrabTests.build/Objects-normal/arm64/UILayoutTests.o -o /Users/runner/Library/Developer/Xcode/DerivedData/VideoGrab-ektszpefytmtzvfduuvmogrbmoyt/Build/Intermediates.noindex/VideoGrab.build/Debug-iphonesimulator/VideoGrabTests.build/Objects-normal/arm64/UserScript.o -o /Users/runner/Library/Developer/Xcode/DerivedData/VideoGrab-ektszpefytmtzvfduuvmogrbmoyt/Build/Intermediates.noindex/VideoGrab.build/Debug-iphonesimulator/VideoGrabTests.build/Objects-normal/arm64/UserScriptTests.o -index-unit-output-path /VideoGrab.build/Debug-iphonesimulator/VideoGrabTests.build/Objects-normal/arm64/SiteRules.o -index-unit-output-path /VideoGrab.build/Debug-iphonesimulator/VideoGrabTests.build/Objects-normal/arm64/SiteRulesTests.o -index-unit-output-path /VideoGrab.build/Debug-iphonesimulator/VideoGrabTests.build/Objects-normal/arm64/UILayout.o -index-unit-output-path /VideoGrab.build/Debug-iphonesimulator/VideoGrabTests.build/Objects-normal/arm64/UILayoutTests.o -index-unit-output-path /VideoGrab.build/Debug-iphonesimulator/VideoGrabTests.build/Objects-normal/arm64/UserScript.o -index-unit-output-path /VideoGrab.build/Debug-iphonesimulator/VideoGrabTests.build/Objects-normal/arm64/UserScriptTests.o -index-store-path /Users/runner/Library/Developer/Xcode/DerivedData/VideoGrab-ektszpefytmtzvfduuvmogrbmoyt/Index.noindex/DataStore -index-system-modules

SwiftCompile normal arm64 /Users/runner/work/video-grab/video-grab/VideoGrabTests/UserScriptTests.swift (in target 'VideoGrabTests' from project 'VideoGrab')
    cd /Users/runner/work/video-grab/video-grab
    /Applications/Xcode_15.4.app/Contents/Developer/Toolchains/XcodeDefault.xctoolchain/usr/bin/swift-frontend -c /Users/runner/work/video-grab/video-grab/app/BiliParse.swift /Users/runner/work/video-grab/video-grab/VideoGrabTests/BiliParseTests.swift /Users/runner/work/video-grab/video-grab/app/BlockList.swift /Users/runner/work/video-grab/video-grab/VideoGrabTests/BlockListTests.swift /Users/runner/work/video-grab/video-grab/app/CompressPlan.swift /Users/runner/work/video-grab/video-grab/VideoGrabTests/CompressPlanTests.swift /Users/runner/work/video-grab/video-grab/app/LinkText.swift /Users/runner/work/video-grab/video-grab/VideoGrabTests/LinkTextTests.swift /Users/runner/work/video-grab/video-grab/VideoGrabTests/LogicTests.swift /Users/runner/work/video-grab/video-grab/app/M3U8.swift /Users/runner/work/video-grab/video-grab/app/MagnetStatus.swift /Users/runner/work/video-grab/video-grab/VideoGrabTests/MagnetStatusTests.swift /Users/runner/work/video-grab/video-grab/app/PlaylistAnchor.swift -primary-file /Users/runner/work/video-grab/video-grab/app/SiteRules.swift -primary-file /Users/runner/work/video-grab/video-grab/VideoGrabTests/SiteRulesTests.swift -primary-file /Users/runner/work/video-grab/video-grab/app/UILayout.swift -primary-file /Users/runner/work/video-grab/video-grab/VideoGrabTests/UILayoutTests.swift -primary-file /Users/runner/work/video-grab/video-grab/app/UserScript.swift -primary-file /Users/runner/work/video-grab/video-grab/VideoGrabTests/UserScriptTests.swift -supplementary-output-file-map /Users/runner/Library/Developer/Xcode/DerivedData/VideoGrab-ektszpefytmtzvfduuvmogrbmoyt/Build/Intermediates.noindex/VideoGrab.build/Debug-iphonesimulator/VideoGrabTests.build/Objects-normal/arm64/supplementaryOutputs-3 -target arm64-apple-ios15.0-simulator -Xllvm -aarch64-use-tbi -enable-objc-interop -sdk /Applications/Xcode_15.4.app/Contents/Developer/Platforms/iPhoneSimulator.platform/Developer/SDKs/iPhoneSimulator17.5.sdk -I /Users/runner/Library/Developer/Xcode/DerivedData/VideoGrab-ektszpefytmtzvfduuvmogrbmoyt/Build/Products/Debug-iphonesimulator -I /Applications/Xcode_15.4.app/Contents/Developer/Platforms/iPhoneSimulator.platform/Developer/usr/lib -F /Users/runner/Library/Developer/Xcode/DerivedData/VideoGrab-ektszpefytmtzvfduuvmogrbmoyt/Build/Products/Debug-iphonesimulator -F /Applications/Xcode_15.4.app/Contents/Developer/Platforms/iPhoneSimulator.platform/Developer/Library/Frameworks -F /Applications/Xcode_15.4.app/Contents/Developer/Platforms/iPhoneSimulator.platform/Developer/SDKs/iPhoneSimulator17.5.sdk/Developer/Library/Frameworks -no-color-diagnostics -enable-testing -g -module-cache-path /Users/runner/Library/Developer/Xcode/DerivedData/ModuleCache.noindex -swift-version 5 -enforce-exclusivity\=checked -Onone -D DEBUG -serialize-debugging-options -const-gather-protocols-file /Users/runner/Library/Developer/Xcode/DerivedData/VideoGrab-ektszpefytmtzvfduuvmogrbmoyt/Build/Intermediates.noindex/VideoGrab.build/Debug-iphonesimulator/VideoGrabTests.build/Objects-normal/arm64/VideoGrabTests_const_extract_protocols.json -enable-bare-slash-regex -empty-abi-descriptor -validate-clang-modules-once -clang-build-session-file /Users/runner/Library/Developer/Xcode/DerivedData/ModuleCache.noindex/Session.modulevalidation -Xcc -working-directory -Xcc /Users/runner/work/video-grab/video-grab -resource-dir /Applications/Xcode_15.4.app/Contents/Developer/Toolchains/XcodeDefault.xctoolchain/usr/lib/swift -enable-anonymous-context-mangled-names -Xcc -ivfsstatcache -Xcc /Users/runner/Library/Developer/Xcode/DerivedData/SDKStatCaches.noindex/iphonesimulator17.5-21F77-23950cd4b3f73050108268841b0fa1a8.sdkstatcache -Xcc -I/Users/runner/Library/Developer/Xcode/DerivedData/VideoGrab-ektszpefytmtzvfduuvmogrbmoyt/Build/Intermediates.noindex/VideoGrab.build/Debug-iphonesimulator/VideoGrabTests.build/swift-overrides.hmap -Xcc -iquote -Xcc /Users/runner/Library/Developer/Xcode/DerivedData/VideoGrab-ektszpefytmtzvfduuvmogrbmoyt/Build/Intermediates.noindex/VideoGrab.build/Debug-iphonesimulator/VideoGrabTests.build/VideoGrabTests-generated-files.hmap -Xcc -I/Users/runner/Library/Developer/Xcode/DerivedData/VideoGrab-ektszpefytmtzvfduuvmogrbmoyt/Build/Intermediates.noindex/VideoGrab.build/Debug-iphonesimulator/VideoGrabTests.build/VideoGrabTests-own-target-headers.hmap -Xcc -I/Users/runner/Library/Developer/Xcode/DerivedData/VideoGrab-ektszpefytmtzvfduuvmogrbmoyt/Build/Intermediates.noindex/VideoGrab.build/Debug-iphonesimulator/VideoGrabTests.build/VideoGrabTests-all-target-headers.hmap -Xcc -iquote -Xcc /Users/runner/Library/Developer/Xcode/DerivedData/VideoGrab-ektszpefytmtzvfduuvmogrbmoyt/Build/Intermediates.noindex/VideoGrab.build/Debug-iphonesimulator/VideoGrabTests.build/VideoGrabTests-project-headers.hmap -Xcc -I/Users/runner/Library/Developer/Xcode/DerivedData/VideoGrab-ektszpefytmtzvfduuvmogrbmoyt/Build/Products/Debug-iphonesimulator/include -Xcc -I/Users/runner/Library/Developer/Xcode/DerivedData/VideoGrab-ektszpefytmtzvfduuvmogrbmoyt/Build/Intermediates.noindex/VideoGrab.build/Debug-iphonesimulator/VideoGrabTests.build/DerivedSources-normal/arm64 -Xcc -I/Users/runner/Library/Developer/Xcode/DerivedData/VideoGrab-ektszpefytmtzvfduuvmogrbmoyt/Build/Intermediates.noindex/VideoGrab.build/Debug-iphonesimulator/VideoGrabTests.build/DerivedSources/arm64 -Xcc -I/Users/runner/Library/Developer/Xcode/DerivedData/VideoGrab-ektszpefytmtzvfduuvmogrbmoyt/Build/Intermediates.noindex/VideoGrab.build/Debug-iphonesimulator/VideoGrabTests.build/DerivedSources -Xcc -DDEBUG\=1 -module-name VideoGrabTests -frontend-parseable-output -disable-clang-spi -target-sdk-version 17.5 -target-sdk-name iphonesimulator17.5 -external-plugin-path /Applications/Xcode_15.4.app/Contents/Developer/Platforms/iPhoneSimulator.platform/Developer/SDKs/iPhoneSimulator17.5.sdk/usr/lib/swift/host/plugins\#/Applications/Xcode_15.4.app/Contents/Developer/Platforms/iPhoneSimulator.platform/Developer/SDKs/iPhoneSimulator17.5.sdk/usr/bin/swift-plugin-server -external-plugin-path /Applications/Xcode_15.4.app/Contents/Developer/Platforms/iPhoneSimulator.platform/Developer/SDKs/iPhoneSimulator17.5.sdk/usr/local/lib/swift/host/plugins\#/Applications/Xcode_15.4.app/Contents/Developer/Platforms/iPhoneSimulator.platform/Developer/SDKs/iPhoneSimulator17.5.sdk/usr/bin/swift-plugin-server -external-plugin-path /Applications/Xcode_15.4.app/Contents/Developer/Platforms/iPhoneOS.platform/Developer/usr/lib/swift/host/plugins\#/Applications/Xcode_15.4.app/Contents/Developer/Platforms/iPhoneOS.platform/Developer/usr/bin/swift-plugin-server -external-plugin-path /Applications/Xcode_15.4.app/Contents/Developer/Platforms/iPhoneOS.platform/Developer/usr/local/lib/swift/host/plugins\#/Applications/Xcode_15.4.app/Contents/Developer/Platforms/iPhoneOS.platform/Developer/usr/bin/swift-plugin-server -plugin-path /Applications/Xcode_15.4.app/Contents/Developer/Toolchains/XcodeDefault.xctoolchain/usr/lib/swift/host/plugins -plugin-path /Applications/Xcode_15.4.app/Contents/Developer/Toolchains/XcodeDefault.xctoolchain/usr/local/lib/swift/host/plugins -o /Users/runner/Library/Developer/Xcode/DerivedData/VideoGrab-ektszpefytmtzvfduuvmogrbmoyt/Build/Intermediates.noindex/VideoGrab.build/Debug-iphonesimulator/VideoGrabTests.build/Objects-normal/arm64/SiteRules.o -o /Users/runner/Library/Developer/Xcode/DerivedData/VideoGrab-ektszpefytmtzvfduuvmogrbmoyt/Build/Intermediates.noindex/VideoGrab.build/Debug-iphonesimulator/VideoGrabTests.build/Objects-normal/arm64/SiteRulesTests.o -o /Users/runner/Library/Developer/Xcode/DerivedData/VideoGrab-ektszpefytmtzvfduuvmogrbmoyt/Build/Intermediates.noindex/VideoGrab.build/Debug-iphonesimulator/VideoGrabTests.build/Objects-normal/arm64/UILayout.o -o /Users/runner/Library/Developer/Xcode/DerivedData/VideoGrab-ektszpefytmtzvfduuvmogrbmoyt/Build/Intermediates.noindex/VideoGrab.build/Debug-iphonesimulator/VideoGrabTests.build/Objects-normal/arm64/UILayoutTests.o -o /Users/runner/Library/Developer/Xcode/DerivedData/VideoGrab-ektszpefytmtzvfduuvmogrbmoyt/Build/Intermediates.noindex/VideoGrab.build/Debug-iphonesimulator/VideoGrabTests.build/Objects-normal/arm64/UserScript.o -o /Users/runner/Library/Developer/Xcode/DerivedData/VideoGrab-ektszpefytmtzvfduuvmogrbmoyt/Build/Intermediates.noindex/VideoGrab.build/Debug-iphonesimulator/VideoGrabTests.build/Objects-normal/arm64/UserScriptTests.o -index-unit-output-path /VideoGrab.build/Debug-iphonesimulator/VideoGrabTests.build/Objects-normal/arm64/SiteRules.o -index-unit-output-path /VideoGrab.build/Debug-iphonesimulator/VideoGrabTests.build/Objects-normal/arm64/SiteRulesTests.o -index-unit-output-path /VideoGrab.build/Debug-iphonesimulator/VideoGrabTests.build/Objects-normal/arm64/UILayout.o -index-unit-output-path /VideoGrab.build/Debug-iphonesimulator/VideoGrabTests.build/Objects-normal/arm64/UILayoutTests.o -index-unit-output-path /VideoGrab.build/Debug-iphonesimulator/VideoGrabTests.build/Objects-normal/arm64/UserScript.o -index-unit-output-path /VideoGrab.build/Debug-iphonesimulator/VideoGrabTests.build/Objects-normal/arm64/UserScriptTests.o -index-store-path /Users/runner/Library/Developer/Xcode/DerivedData/VideoGrab-ektszpefytmtzvfduuvmogrbmoyt/Index.noindex/DataStore -index-system-modules

SwiftEmitModule normal arm64 Emitting\ module\ for\ VideoGrabTests (in target 'VideoGrabTests' from project 'VideoGrab')
    cd /Users/runner/work/video-grab/video-grab
    builtin-swiftTaskExecution -- /Applications/Xcode_15.4.app/Contents/Developer/Toolchains/XcodeDefault.xctoolchain/usr/bin/swift-frontend -frontend -emit-module -experimental-skip-non-inlinable-function-bodies-without-types /Users/runner/work/video-grab/video-grab/app/BiliParse.swift /Users/runner/work/video-grab/video-grab/VideoGrabTests/BiliParseTests.swift /Users/runner/work/video-grab/video-grab/app/BlockList.swift /Users/runner/work/video-grab/video-grab/VideoGrabTests/BlockListTests.swift /Users/runner/work/video-grab/video-grab/app/CompressPlan.swift /Users/runner/work/video-grab/video-grab/VideoGrabTests/CompressPlanTests.swift /Users/runner/work/video-grab/video-grab/app/LinkText.swift /Users/runner/work/video-grab/video-grab/VideoGrabTests/LinkTextTests.swift /Users/runner/work/video-grab/video-grab/VideoGrabTests/LogicTests.swift /Users/runner/work/video-grab/video-grab/app/M3U8.swift /Users/runner/work/video-grab/video-grab/app/MagnetStatus.swift /Users/runner/work/video-grab/video-grab/VideoGrabTests/MagnetStatusTests.swift /Users/runner/work/video-grab/video-grab/app/PlaylistAnchor.swift /Users/runner/work/video-grab/video-grab/app/SiteRules.swift /Users/runner/work/video-grab/video-grab/VideoGrabTests/SiteRulesTests.swift /Users/runner/work/video-grab/video-grab/app/UILayout.swift /Users/runner/work/video-grab/video-grab/VideoGrabTests/UILayoutTests.swift /Users/runner/work/video-grab/video-grab/app/UserScript.swift /Users/runner/work/video-grab/video-grab/VideoGrabTests/UserScriptTests.swift -target arm64-apple-ios15.0-simulator -Xllvm -aarch64-use-tbi -enable-objc-interop -sdk /Applications/Xcode_15.4.app/Contents/Developer/Platforms/iPhoneSimulator.platform/Developer/SDKs/iPhoneSimulator17.5.sdk -I /Users/runner/Library/Developer/Xcode/DerivedData/VideoGrab-ektszpefytmtzvfduuvmogrbmoyt/Build/Products/Debug-iphonesimulator -I /Applications/Xcode_15.4.app/Contents/Developer/Platforms/iPhoneSimulator.platform/Developer/usr/lib -F /Users/runner/Library/Developer/Xcode/DerivedData/VideoGrab-ektszpefytmtzvfduuvmogrbmoyt/Build/Products/Debug-iphonesimulator -F /Applications/Xcode_15.4.app/Contents/Developer/Platforms/iPhoneSimulator.platform/Developer/Library/Frameworks -F /Applications/Xcode_15.4.app/Contents/Developer/Platforms/iPhoneSimulator.platform/Developer/SDKs/iPhoneSimulator17.5.sdk/Developer/Library/Frameworks -no-color-diagnostics -enable-testing -g -module-cache-path /Users/runner/Library/Developer/Xcode/DerivedData/ModuleCache.noindex -swift-version 5 -enforce-exclusivity\=checked -Onone -D DEBUG -serialize-debugging-options -const-gather-protocols-file /Users/runner/Library/Developer/Xcode/DerivedData/VideoGrab-ektszpefytmtzvfduuvmogrbmoyt/Build/Intermediates.noindex/VideoGrab.build/Debug-iphonesimulator/VideoGrabTests.build/Objects-normal/arm64/VideoGrabTests_const_extract_protocols.json -enable-bare-slash-regex -empty-abi-descriptor -validate-clang-modules-once -clang-build-session-file /Users/runner/Library/Developer/Xcode/DerivedData/ModuleCache.noindex/Session.modulevalidation -Xcc -working-directory -Xcc /Users/runner/work/video-grab/video-grab -resource-dir /Applications/Xcode_15.4.app/Contents/Developer/Toolchains/XcodeDefault.xctoolchain/usr/lib/swift -enable-anonymous-context-mangled-names -Xcc -ivfsstatcache -Xcc /Users/runner/Library/Developer/Xcode/DerivedData/SDKStatCaches.noindex/iphonesimulator17.5-21F77-23950cd4b3f73050108268841b0fa1a8.sdkstatcache -Xcc -I/Users/runner/Library/Developer/Xcode/DerivedData/VideoGrab-ektszpefytmtzvfduuvmogrbmoyt/Build/Intermediates.noindex/VideoGrab.build/Debug-iphonesimulator/VideoGrabTests.build/swift-overrides.hmap -Xcc -iquote -Xcc /Users/runner/Library/Developer/Xcode/DerivedData/VideoGrab-ektszpefytmtzvfduuvmogrbmoyt/Build/Intermediates.noindex/VideoGrab.build/Debug-iphonesimulator/VideoGrabTests.build/VideoGrabTests-generated-files.hmap -Xcc -I/Users/runner/Library/Developer/Xcode/DerivedData/VideoGrab-ektszpefytmtzvfduuvmogrbmoyt/Build/Intermediates.noindex/VideoGrab.build/Debug-iphonesimulator/VideoGrabTests.build/VideoGrabTests-own-target-headers.hmap -Xcc -I/Users/runner/Library/Developer/Xcode/DerivedData/VideoGrab-ektszpefytmtzvfduuvmogrbmoyt/Build/Intermediates.noindex/VideoGrab.build/Debug-iphonesimulator/VideoGrabTests.build/VideoGrabTests-all-target-headers.hmap -Xcc -iquote -Xcc /Users/runner/Library/Developer/Xcode/DerivedData/VideoGrab-ektszpefytmtzvfduuvmogrbmoyt/Build/Intermediates.noindex/VideoGrab.build/Debug-iphonesimulator/VideoGrabTests.build/VideoGrabTests-project-headers.hmap -Xcc -I/Users/runner/Library/Developer/Xcode/DerivedData/VideoGrab-ektszpefytmtzvfduuvmogrbmoyt/Build/Products/Debug-iphonesimulator/include -Xcc -I/Users/runner/Library/Developer/Xcode/DerivedData/VideoGrab-ektszpefytmtzvfduuvmogrbmoyt/Build/Intermediates.noindex/VideoGrab.build/Debug-iphonesimulator/VideoGrabTests.build/DerivedSources-normal/arm64 -Xcc -I/Users/runner/Library/Developer/Xcode/DerivedData/VideoGrab-ektszpefytmtzvfduuvmogrbmoyt/Build/Intermediates.noindex/VideoGrab.build/Debug-iphonesimulator/VideoGrabTests.build/DerivedSources/arm64 -Xcc -I/Users/runner/Library/Developer/Xcode/DerivedData/VideoGrab-ektszpefytmtzvfduuvmogrbmoyt/Build/Intermediates.noindex/VideoGrab.build/Debug-iphonesimulator/VideoGrabTests.build/DerivedSources -Xcc -DDEBUG\=1 -module-name VideoGrabTests -disable-clang-spi -target-sdk-version 17.5 -target-sdk-name iphonesimulator17.5 -external-plugin-path /Applications/Xcode_15.4.app/Contents/Developer/Platforms/iPhoneSimulator.platform/Developer/SDKs/iPhoneSimulator17.5.sdk/usr/lib/swift/host/plugins\#/Applications/Xcode_15.4.app/Contents/Developer/Platforms/iPhoneSimulator.platform/Developer/SDKs/iPhoneSimulator17.5.sdk/usr/bin/swift-plugin-server -external-plugin-path /Applications/Xcode_15.4.app/Contents/Developer/Platforms/iPhoneSimulator.platform/Developer/SDKs/iPhoneSimulator17.5.sdk/usr/local/lib/swift/host/plugins\#/Applications/Xcode_15.4.app/Contents/Developer/Platforms/iPhoneSimulator.platform/Developer/SDKs/iPhoneSimulator17.5.sdk/usr/bin/swift-plugin-server -external-plugin-path /Applications/Xcode_15.4.app/Contents/Developer/Platforms/iPhoneOS.platform/Developer/usr/lib/swift/host/plugins\#/Applications/Xcode_15.4.app/Contents/Developer/Platforms/iPhoneOS.platform/Developer/usr/bin/swift-plugin-server -external-plugin-path /Applications/Xcode_15.4.app/Contents/Developer/Platforms/iPhoneOS.platform/Developer/usr/local/lib/swift/host/plugins\#/Applications/Xcode_15.4.app/Contents/Developer/Platforms/iPhoneOS.platform/Developer/usr/bin/swift-plugin-server -plugin-path /Applications/Xcode_15.4.app/Contents/Developer/Toolchains/XcodeDefault.xctoolchain/usr/lib/swift/host/plugins -plugin-path /Applications/Xcode_15.4.app/Contents/Developer/Toolchains/XcodeDefault.xctoolchain/usr/local/lib/swift/host/plugins -emit-module-doc-path /Users/runner/Library/Developer/Xcode/DerivedData/VideoGrab-ektszpefytmtzvfduuvmogrbmoyt/Build/Intermediates.noindex/VideoGrab.build/Debug-iphonesimulator/VideoGrabTests.build/Objects-normal/arm64/VideoGrabTests.swiftdoc -emit-module-source-info-path /Users/runner/Library/Developer/Xcode/DerivedData/VideoGrab-ektszpefytmtzvfduuvmogrbmoyt/Build/Intermediates.noindex/VideoGrab.build/Debug-iphonesimulator/VideoGrabTests.build/Objects-normal/arm64/VideoGrabTests.swiftsourceinfo -emit-objc-header-path /Users/runner/Library/Developer/Xcode/DerivedData/VideoGrab-ektszpefytmtzvfduuvmogrbmoyt/Build/Intermediates.noindex/VideoGrab.build/Debug-iphonesimulator/VideoGrabTests.build/Objects-normal/arm64/VideoGrabTests-Swift.h -serialize-diagnostics-path /Users/runner/Library/Developer/Xcode/DerivedData/VideoGrab-ektszpefytmtzvfduuvmogrbmoyt/Build/Intermediates.noindex/VideoGrab.build/Debug-iphonesimulator/VideoGrabTests.build/Objects-normal/arm64/VideoGrabTests-master-emit-module.dia -emit-dependencies-path /Users/runner/Library/Developer/Xcode/DerivedData/VideoGrab-ektszpefytmtzvfduuvmogrbmoyt/Build/Intermediates.noindex/VideoGrab.build/Debug-iphonesimulator/VideoGrabTests.build/Objects-normal/arm64/VideoGrabTests-master-emit-module.d -o /Users/runner/Library/Developer/Xcode/DerivedData/VideoGrab-ektszpefytmtzvfduuvmogrbmoyt/Build/Intermediates.noindex/VideoGrab.build/Debug-iphonesimulator/VideoGrabTests.build/Objects-normal/arm64/VideoGrabTests.swiftmodule -emit-abi-descriptor-path /Users/runner/Library/Developer/Xcode/DerivedData/VideoGrab-ektszpefytmtzvfduuvmogrbmoyt/Build/Intermediates.noindex/VideoGrab.build/Debug-iphonesimulator/VideoGrabTests.build/Objects-normal/arm64/VideoGrabTests.abi.json

SwiftCompile normal arm64 Compiling\ BiliParse.swift,\ BiliParseTests.swift,\ BlockList.swift,\ BlockListTests.swift,\ CompressPlan.swift,\ CompressPlanTests.swift,\ LinkText.swift /Users/runner/work/video-grab/video-grab/app/BiliParse.swift /Users/runner/work/video-grab/video-grab/VideoGrabTests/BiliParseTests.swift /Users/runner/work/video-grab/video-grab/app/BlockList.swift /Users/runner/work/video-grab/video-grab/VideoGrabTests/BlockListTests.swift /Users/runner/work/video-grab/video-grab/app/CompressPlan.swift /Users/runner/work/video-grab/video-grab/VideoGrabTests/CompressPlanTests.swift /Users/runner/work/video-grab/video-grab/app/LinkText.swift (in target 'VideoGrabTests' from project 'VideoGrab')
    cd /Users/runner/work/video-grab/video-grab
    builtin-swiftTaskExecution -- /Applications/Xcode_15.4.app/Contents/Developer/Toolchains/XcodeDefault.xctoolchain/usr/bin/swift-frontend -frontend -c -primary-file /Users/runner/work/video-grab/video-grab/app/BiliParse.swift -primary-file /Users/runner/work/video-grab/video-grab/VideoGrabTests/BiliParseTests.swift -primary-file /Users/runner/work/video-grab/video-grab/app/BlockList.swift -primary-file /Users/runner/work/video-grab/video-grab/VideoGrabTests/BlockListTests.swift -primary-file /Users/runner/work/video-grab/video-grab/app/CompressPlan.swift -primary-file /Users/runner/work/video-grab/video-grab/VideoGrabTests/CompressPlanTests.swift -primary-file /Users/runner/work/video-grab/video-grab/app/LinkText.swift /Users/runner/work/video-grab/video-grab/VideoGrabTests/LinkTextTests.swift /Users/runner/work/video-grab/video-grab/VideoGrabTests/LogicTests.swift /Users/runner/work/video-grab/video-grab/app/M3U8.swift /Users/runner/work/video-grab/video-grab/app/MagnetStatus.swift /Users/runner/work/video-grab/video-grab/VideoGrabTests/MagnetStatusTests.swift /Users/runner/work/video-grab/video-grab/app/PlaylistAnchor.swift /Users/runner/work/video-grab/video-grab/app/SiteRules.swift /Users/runner/work/video-grab/video-grab/VideoGrabTests/SiteRulesTests.swift /Users/runner/work/video-grab/video-grab/app/UILayout.swift /Users/runner/work/video-grab/video-grab/VideoGrabTests/UILayoutTests.swift /Users/runner/work/video-grab/video-grab/app/UserScript.swift /Users/runner/work/video-grab/video-grab/VideoGrabTests/UserScriptTests.swift -supplementary-output-file-map /Users/runner/Library/Developer/Xcode/DerivedData/VideoGrab-ektszpefytmtzvfduuvmogrbmoyt/Build/Intermediates.noindex/VideoGrab.build/Debug-iphonesimulator/VideoGrabTests.build/Objects-normal/arm64/supplementaryOutputs-1 -target arm64-apple-ios15.0-simulator -Xllvm -aarch64-use-tbi -enable-objc-interop -sdk /Applications/Xcode_15.4.app/Contents/Developer/Platforms/iPhoneSimulator.platform/Developer/SDKs/iPhoneSimulator17.5.sdk -I /Users/runner/Library/Developer/Xcode/DerivedData/VideoGrab-ektszpefytmtzvfduuvmogrbmoyt/Build/Products/Debug-iphonesimulator -I /Applications/Xcode_15.4.app/Contents/Developer/Platforms/iPhoneSimulator.platform/Developer/usr/lib -F /Users/runner/Library/Developer/Xcode/DerivedData/VideoGrab-ektszpefytmtzvfduuvmogrbmoyt/Build/Products/Debug-iphonesimulator -F /Applications/Xcode_15.4.app/Contents/Developer/Platforms/iPhoneSimulator.platform/Developer/Library/Frameworks -F /Applications/Xcode_15.4.app/Contents/Developer/Platforms/iPhoneSimulator.platform/Developer/SDKs/iPhoneSimulator17.5.sdk/Developer/Library/Frameworks -no-color-diagnostics -enable-testing -g -module-cache-path /Users/runner/Library/Developer/Xcode/DerivedData/ModuleCache.noindex -swift-version 5 -enforce-exclusivity\=checked -Onone -D DEBUG -serialize-debugging-options -const-gather-protocols-file /Users/runner/Library/Developer/Xcode/DerivedData/VideoGrab-ektszpefytmtzvfduuvmogrbmoyt/Build/Intermediates.noindex/VideoGrab.build/Debug-iphonesimulator/VideoGrabTests.build/Objects-normal/arm64/VideoGrabTests_const_extract_protocols.json -enable-bare-slash-regex -empty-abi-descriptor -validate-clang-modules-once -clang-build-session-file /Users/runner/Library/Developer/Xcode/DerivedData/ModuleCache.noindex/Session.modulevalidation -Xcc -working-directory -Xcc /Users/runner/work/video-grab/video-grab -resource-dir /Applications/Xcode_15.4.app/Contents/Developer/Toolchains/XcodeDefault.xctoolchain/usr/lib/swift -enable-anonymous-context-mangled-names -Xcc -ivfsstatcache -Xcc /Users/runner/Library/Developer/Xcode/DerivedData/SDKStatCaches.noindex/iphonesimulator17.5-21F77-23950cd4b3f73050108268841b0fa1a8.sdkstatcache -Xcc -I/Users/runner/Library/Developer/Xcode/DerivedData/VideoGrab-ektszpefytmtzvfduuvmogrbmoyt/Build/Intermediates.noindex/VideoGrab.build/Debug-iphonesimulator/VideoGrabTests.build/swift-overrides.hmap -Xcc -iquote -Xcc /Users/runner/Library/Developer/Xcode/DerivedData/VideoGrab-ektszpefytmtzvfduuvmogrbmoyt/Build/Intermediates.noindex/VideoGrab.build/Debug-iphonesimulator/VideoGrabTests.build/VideoGrabTests-generated-files.hmap -Xcc -I/Users/runner/Library/Developer/Xcode/DerivedData/VideoGrab-ektszpefytmtzvfduuvmogrbmoyt/Build/Intermediates.noindex/VideoGrab.build/Debug-iphonesimulator/VideoGrabTests.build/VideoGrabTests-own-target-headers.hmap -Xcc -I/Users/runner/Library/Developer/Xcode/DerivedData/VideoGrab-ektszpefytmtzvfduuvmogrbmoyt/Build/Intermediates.noindex/VideoGrab.build/Debug-iphonesimulator/VideoGrabTests.build/VideoGrabTests-all-target-headers.hmap -Xcc -iquote -Xcc /Users/runner/Library/Developer/Xcode/DerivedData/VideoGrab-ektszpefytmtzvfduuvmogrbmoyt/Build/Intermediates.noindex/VideoGrab.build/Debug-iphonesimulator/VideoGrabTests.build/VideoGrabTests-project-headers.hmap -Xcc -I/Users/runner/Library/Developer/Xcode/DerivedData/VideoGrab-ektszpefytmtzvfduuvmogrbmoyt/Build/Products/Debug-iphonesimulator/include -Xcc -I/Users/runner/Library/Developer/Xcode/DerivedData/VideoGrab-ektszpefytmtzvfduuvmogrbmoyt/Build/Intermediates.noindex/VideoGrab.build/Debug-iphonesimulator/VideoGrabTests.build/DerivedSources-normal/arm64 -Xcc -I/Users/runner/Library/Developer/Xcode/DerivedData/VideoGrab-ektszpefytmtzvfduuvmogrbmoyt/Build/Intermediates.noindex/VideoGrab.build/Debug-iphonesimulator/VideoGrabTests.build/DerivedSources/arm64 -Xcc -I/Users/runner/Library/Developer/Xcode/DerivedData/VideoGrab-ektszpefytmtzvfduuvmogrbmoyt/Build/Intermediates.noindex/VideoGrab.build/Debug-iphonesimulator/VideoGrabTests.build/DerivedSources -Xcc -DDEBUG\=1 -module-name VideoGrabTests -frontend-parseable-output -disable-clang-spi -target-sdk-version 17.5 -target-sdk-name iphonesimulator17.5 -external-plugin-path /Applications/Xcode_15.4.app/Contents/Developer/Platforms/iPhoneSimulator.platform/Developer/SDKs/iPhoneSimulator17.5.sdk/usr/lib/swift/host/plugins\#/Applications/Xcode_15.4.app/Contents/Developer/Platforms/iPhoneSimulator.platform/Developer/SDKs/iPhoneSimulator17.5.sdk/usr/bin/swift-plugin-server -external-plugin-path /Applications/Xcode_15.4.app/Contents/Developer/Platforms/iPhoneSimulator.platform/Developer/SDKs/iPhoneSimulator17.5.sdk/usr/local/lib/swift/host/plugins\#/Applications/Xcode_15.4.app/Contents/Developer/Platforms/iPhoneSimulator.platform/Developer/SDKs/iPhoneSimulator17.5.sdk/usr/bin/swift-plugin-server -external-plugin-path /Applications/Xcode_15.4.app/Contents/Developer/Platforms/iPhoneOS.platform/Developer/usr/lib/swift/host/plugins\#/Applications/Xcode_15.4.app/Contents/Developer/Platforms/iPhoneOS.platform/Developer/usr/bin/swift-plugin-server -external-plugin-path /Applications/Xcode_15.4.app/Contents/Developer/Platforms/iPhoneOS.platform/Developer/usr/local/lib/swift/host/plugins\#/Applications/Xcode_15.4.app/Contents/Developer/Platforms/iPhoneOS.platform/Developer/usr/bin/swift-plugin-server -plugin-path /Applications/Xcode_15.4.app/Contents/Developer/Toolchains/XcodeDefault.xctoolchain/usr/lib/swift/host/plugins -plugin-path /Applications/Xcode_15.4.app/Contents/Developer/Toolchains/XcodeDefault.xctoolchain/usr/local/lib/swift/host/plugins -o /Users/runner/Library/Developer/Xcode/DerivedData/VideoGrab-ektszpefytmtzvfduuvmogrbmoyt/Build/Intermediates.noindex/VideoGrab.build/Debug-iphonesimulator/VideoGrabTests.build/Objects-normal/arm64/BiliParse.o -o /Users/runner/Library/Developer/Xcode/DerivedData/VideoGrab-ektszpefytmtzvfduuvmogrbmoyt/Build/Intermediates.noindex/VideoGrab.build/Debug-iphonesimulator/VideoGrabTests.build/Objects-normal/arm64/BiliParseTests.o -o /Users/runner/Library/Developer/Xcode/DerivedData/VideoGrab-ektszpefytmtzvfduuvmogrbmoyt/Build/Intermediates.noindex/VideoGrab.build/Debug-iphonesimulator/VideoGrabTests.build/Objects-normal/arm64/BlockList.o -o /Users/runner/Library/Developer/Xcode/DerivedData/VideoGrab-ektszpefytmtzvfduuvmogrbmoyt/Build/Intermediates.noindex/VideoGrab.build/Debug-iphonesimulator/VideoGrabTests.build/Objects-normal/arm64/BlockListTests.o -o /Users/runner/Library/Developer/Xcode/DerivedData/VideoGrab-ektszpefytmtzvfduuvmogrbmoyt/Build/Intermediates.noindex/VideoGrab.build/Debug-iphonesimulator/VideoGrabTests.build/Objects-normal/arm64/CompressPlan.o -o /Users/runner/Library/Developer/Xcode/DerivedData/VideoGrab-ektszpefytmtzvfduuvmogrbmoyt/Build/Intermediates.noindex/VideoGrab.build/Debug-iphonesimulator/VideoGrabTests.build/Objects-normal/arm64/CompressPlanTests.o -o /Users/runner/Library/Developer/Xcode/DerivedData/VideoGrab-ektszpefytmtzvfduuvmogrbmoyt/Build/Intermediates.noindex/VideoGrab.build/Debug-iphonesimulator/VideoGrabTests.build/Objects-normal/arm64/LinkText.o -index-unit-output-path /VideoGrab.build/Debug-iphonesimulator/VideoGrabTests.build/Objects-normal/arm64/BiliParse.o -index-unit-output-path /VideoGrab.build/Debug-iphonesimulator/VideoGrabTests.build/Objects-normal/arm64/BiliParseTests.o -index-unit-output-path /VideoGrab.build/Debug-iphonesimulator/VideoGrabTests.build/Objects-normal/arm64/BlockList.o -index-unit-output-path /VideoGrab.build/Debug-iphonesimulator/VideoGrabTests.build/Objects-normal/arm64/BlockListTests.o -index-unit-output-path /VideoGrab.build/Debug-iphonesimulator/VideoGrabTests.build/Objects-normal/arm64/CompressPlan.o -index-unit-output-path /VideoGrab.build/Debug-iphonesimulator/VideoGrabTests.build/Objects-normal/arm64/CompressPlanTests.o -index-unit-output-path /VideoGrab.build/Debug-iphonesimulator/VideoGrabTests.build/Objects-normal/arm64/LinkText.o -index-store-path /Users/runner/Library/Developer/Xcode/DerivedData/VideoGrab-ektszpefytmtzvfduuvmogrbmoyt/Index.noindex/DataStore -index-system-modules
SwiftCompile normal arm64 /Users/runner/work/video-grab/video-grab/app/BiliParse.swift (in target 'VideoGrabTests' from project 'VideoGrab')
    cd /Users/runner/work/video-grab/video-grab
    /Applications/Xcode_15.4.app/Contents/Developer/Toolchains/XcodeDefault.xctoolchain/usr/bin/swift-frontend -c -primary-file /Users/runner/work/video-grab/video-grab/app/BiliParse.swift -primary-file /Users/runner/work/video-grab/video-grab/VideoGrabTests/BiliParseTests.swift -primary-file /Users/runner/work/video-grab/video-grab/app/BlockList.swift -primary-file /Users/runner/work/video-grab/video-grab/VideoGrabTests/BlockListTests.swift -primary-file /Users/runner/work/video-grab/video-grab/app/CompressPlan.swift -primary-file /Users/runner/work/video-grab/video-grab/VideoGrabTests/CompressPlanTests.swift -primary-file /Users/runner/work/video-grab/video-grab/app/LinkText.swift /Users/runner/work/video-grab/video-grab/VideoGrabTests/LinkTextTests.swift /Users/runner/work/video-grab/video-grab/VideoGrabTests/LogicTests.swift /Users/runner/work/video-grab/video-grab/app/M3U8.swift /Users/runner/work/video-grab/video-grab/app/MagnetStatus.swift /Users/runner/work/video-grab/video-grab/VideoGrabTests/MagnetStatusTests.swift /Users/runner/work/video-grab/video-grab/app/PlaylistAnchor.swift /Users/runner/work/video-grab/video-grab/app/SiteRules.swift /Users/runner/work/video-grab/video-grab/VideoGrabTests/SiteRulesTests.swift /Users/runner/work/video-grab/video-grab/app/UILayout.swift /Users/runner/work/video-grab/video-grab/VideoGrabTests/UILayoutTests.swift /Users/runner/work/video-grab/video-grab/app/UserScript.swift /Users/runner/work/video-grab/video-grab/VideoGrabTests/UserScriptTests.swift -supplementary-output-file-map /Users/runner/Library/Developer/Xcode/DerivedData/VideoGrab-ektszpefytmtzvfduuvmogrbmoyt/Build/Intermediates.noindex/VideoGrab.build/Debug-iphonesimulator/VideoGrabTests.build/Objects-normal/arm64/supplementaryOutputs-1 -target arm64-apple-ios15.0-simulator -Xllvm -aarch64-use-tbi -enable-objc-interop -sdk /Applications/Xcode_15.4.app/Contents/Developer/Platforms/iPhoneSimulator.platform/Developer/SDKs/iPhoneSimulator17.5.sdk -I /Users/runner/Library/Developer/Xcode/DerivedData/VideoGrab-ektszpefytmtzvfduuvmogrbmoyt/Build/Products/Debug-iphonesimulator -I /Applications/Xcode_15.4.app/Contents/Developer/Platforms/iPhoneSimulator.platform/Developer/usr/lib -F /Users/runner/Library/Developer/Xcode/DerivedData/VideoGrab-ektszpefytmtzvfduuvmogrbmoyt/Build/Products/Debug-iphonesimulator -F /Applications/Xcode_15.4.app/Contents/Developer/Platforms/iPhoneSimulator.platform/Developer/Library/Frameworks -F /Applications/Xcode_15.4.app/Contents/Developer/Platforms/iPhoneSimulator.platform/Developer/SDKs/iPhoneSimulator17.5.sdk/Developer/Library/Frameworks -no-color-diagnostics -enable-testing -g -module-cache-path /Users/runner/Library/Developer/Xcode/DerivedData/ModuleCache.noindex -swift-version 5 -enforce-exclusivity\=checked -Onone -D DEBUG -serialize-debugging-options -const-gather-protocols-file /Users/runner/Library/Developer/Xcode/DerivedData/VideoGrab-ektszpefytmtzvfduuvmogrbmoyt/Build/Intermediates.noindex/VideoGrab.build/Debug-iphonesimulator/VideoGrabTests.build/Objects-normal/arm64/VideoGrabTests_const_extract_protocols.json -enable-bare-slash-regex -empty-abi-descriptor -validate-clang-modules-once -clang-build-session-file /Users/runner/Library/Developer/Xcode/DerivedData/ModuleCache.noindex/Session.modulevalidation -Xcc -working-directory -Xcc /Users/runner/work/video-grab/video-grab -resource-dir /Applications/Xcode_15.4.app/Contents/Developer/Toolchains/XcodeDefault.xctoolchain/usr/lib/swift -enable-anonymous-context-mangled-names -Xcc -ivfsstatcache -Xcc /Users/runner/Library/Developer/Xcode/DerivedData/SDKStatCaches.noindex/iphonesimulator17.5-21F77-23950cd4b3f73050108268841b0fa1a8.sdkstatcache -Xcc -I/Users/runner/Library/Developer/Xcode/DerivedData/VideoGrab-ektszpefytmtzvfduuvmogrbmoyt/Build/Intermediates.noindex/VideoGrab.build/Debug-iphonesimulator/VideoGrabTests.build/swift-overrides.hmap -Xcc -iquote -Xcc /Users/runner/Library/Developer/Xcode/DerivedData/VideoGrab-ektszpefytmtzvfduuvmogrbmoyt/Build/Intermediates.noindex/VideoGrab.build/Debug-iphonesimulator/VideoGrabTests.build/VideoGrabTests-generated-files.hmap -Xcc -I/Users/runner/Library/Developer/Xcode/DerivedData/VideoGrab-ektszpefytmtzvfduuvmogrbmoyt/Build/Intermediates.noindex/VideoGrab.build/Debug-iphonesimulator/VideoGrabTests.build/VideoGrabTests-own-target-headers.hmap -Xcc -I/Users/runner/Library/Developer/Xcode/DerivedData/VideoGrab-ektszpefytmtzvfduuvmogrbmoyt/Build/Intermediates.noindex/VideoGrab.build/Debug-iphonesimulator/VideoGrabTests.build/VideoGrabTests-all-target-headers.hmap -Xcc -iquote -Xcc /Users/runner/Library/Developer/Xcode/DerivedData/VideoGrab-ektszpefytmtzvfduuvmogrbmoyt/Build/Intermediates.noindex/VideoGrab.build/Debug-iphonesimulator/VideoGrabTests.build/VideoGrabTests-project-headers.hmap -Xcc -I/Users/runner/Library/Developer/Xcode/DerivedData/VideoGrab-ektszpefytmtzvfduuvmogrbmoyt/Build/Products/Debug-iphonesimulator/include -Xcc -I/Users/runner/Library/Developer/Xcode/DerivedData/VideoGrab-ektszpefytmtzvfduuvmogrbmoyt/Build/Intermediates.noindex/VideoGrab.build/Debug-iphonesimulator/VideoGrabTests.build/DerivedSources-normal/arm64 -Xcc -I/Users/runner/Library/Developer/Xcode/DerivedData/VideoGrab-ektszpefytmtzvfduuvmogrbmoyt/Build/Intermediates.noindex/VideoGrab.build/Debug-iphonesimulator/VideoGrabTests.build/DerivedSources/arm64 -Xcc -I/Users/runner/Library/Developer/Xcode/DerivedData/VideoGrab-ektszpefytmtzvfduuvmogrbmoyt/Build/Intermediates.noindex/VideoGrab.build/Debug-iphonesimulator/VideoGrabTests.build/DerivedSources -Xcc -DDEBUG\=1 -module-name VideoGrabTests -frontend-parseable-output -disable-clang-spi -target-sdk-version 17.5 -target-sdk-name iphonesimulator17.5 -external-plugin-path /Applications/Xcode_15.4.app/Contents/Developer/Platforms/iPhoneSimulator.platform/Developer/SDKs/iPhoneSimulator17.5.sdk/usr/lib/swift/host/plugins\#/Applications/Xcode_15.4.app/Contents/Developer/Platforms/iPhoneSimulator.platform/Developer/SDKs/iPhoneSimulator17.5.sdk/usr/bin/swift-plugin-server -external-plugin-path /Applications/Xcode_15.4.app/Contents/Developer/Platforms/iPhoneSimulator.platform/Developer/SDKs/iPhoneSimulator17.5.sdk/usr/local/lib/swift/host/plugins\#/Applications/Xcode_15.4.app/Contents/Developer/Platforms/iPhoneSimulator.platform/Developer/SDKs/iPhoneSimulator17.5.sdk/usr/bin/swift-plugin-server -external-plugin-path /Applications/Xcode_15.4.app/Contents/Developer/Platforms/iPhoneOS.platform/Developer/usr/lib/swift/host/plugins\#/Applications/Xcode_15.4.app/Contents/Developer/Platforms/iPhoneOS.platform/Developer/usr/bin/swift-plugin-server -external-plugin-path /Applications/Xcode_15.4.app/Contents/Developer/Platforms/iPhoneOS.platform/Developer/usr/local/lib/swift/host/plugins\#/Applications/Xcode_15.4.app/Contents/Developer/Platforms/iPhoneOS.platform/Developer/usr/bin/swift-plugin-server -plugin-path /Applications/Xcode_15.4.app/Contents/Developer/Toolchains/XcodeDefault.xctoolchain/usr/lib/swift/host/plugins -plugin-path /Applications/Xcode_15.4.app/Contents/Developer/Toolchains/XcodeDefault.xctoolchain/usr/local/lib/swift/host/plugins -o /Users/runner/Library/Developer/Xcode/DerivedData/VideoGrab-ektszpefytmtzvfduuvmogrbmoyt/Build/Intermediates.noindex/VideoGrab.build/Debug-iphonesimulator/VideoGrabTests.build/Objects-normal/arm64/BiliParse.o -o /Users/runner/Library/Developer/Xcode/DerivedData/VideoGrab-ektszpefytmtzvfduuvmogrbmoyt/Build/Intermediates.noindex/VideoGrab.build/Debug-iphonesimulator/VideoGrabTests.build/Objects-normal/arm64/BiliParseTests.o -o /Users/runner/Library/Developer/Xcode/DerivedData/VideoGrab-ektszpefytmtzvfduuvmogrbmoyt/Build/Intermediates.noindex/VideoGrab.build/Debug-iphonesimulator/VideoGrabTests.build/Objects-normal/arm64/BlockList.o -o /Users/runner/Library/Developer/Xcode/DerivedData/VideoGrab-ektszpefytmtzvfduuvmogrbmoyt/Build/Intermediates.noindex/VideoGrab.build/Debug-iphonesimulator/VideoGrabTests.build/Objects-normal/arm64/BlockListTests.o -o /Users/runner/Library/Developer/Xcode/DerivedData/VideoGrab-ektszpefytmtzvfduuvmogrbmoyt/Build/Intermediates.noindex/VideoGrab.build/Debug-iphonesimulator/VideoGrabTests.build/Objects-normal/arm64/CompressPlan.o -o /Users/runner/Library/Developer/Xcode/DerivedData/VideoGrab-ektszpefytmtzvfduuvmogrbmoyt/Build/Intermediates.noindex/VideoGrab.build/Debug-iphonesimulator/VideoGrabTests.build/Objects-normal/arm64/CompressPlanTests.o -o /Users/runner/Library/Developer/Xcode/DerivedData/VideoGrab-ektszpefytmtzvfduuvmogrbmoyt/Build/Intermediates.noindex/VideoGrab.build/Debug-iphonesimulator/VideoGrabTests.build/Objects-normal/arm64/LinkText.o -index-unit-output-path /VideoGrab.build/Debug-iphonesimulator/VideoGrabTests.build/Objects-normal/arm64/BiliParse.o -index-unit-output-path /VideoGrab.build/Debug-iphonesimulator/VideoGrabTests.build/Objects-normal/arm64/BiliParseTests.o -index-unit-output-path /VideoGrab.build/Debug-iphonesimulator/VideoGrabTests.build/Objects-normal/arm64/BlockList.o -index-unit-output-path /VideoGrab.build/Debug-iphonesimulator/VideoGrabTests.build/Objects-normal/arm64/BlockListTests.o -index-unit-output-path /VideoGrab.build/Debug-iphonesimulator/VideoGrabTests.build/Objects-normal/arm64/CompressPlan.o -index-unit-output-path /VideoGrab.build/Debug-iphonesimulator/VideoGrabTests.build/Objects-normal/arm64/CompressPlanTests.o -index-unit-output-path /VideoGrab.build/Debug-iphonesimulator/VideoGrabTests.build/Objects-normal/arm64/LinkText.o -index-store-path /Users/runner/Library/Developer/Xcode/DerivedData/VideoGrab-ektszpefytmtzvfduuvmogrbmoyt/Index.noindex/DataStore -index-system-modules

SwiftCompile normal arm64 /Users/runner/work/video-grab/video-grab/VideoGrabTests/BiliParseTests.swift (in target 'VideoGrabTests' from project 'VideoGrab')
    cd /Users/runner/work/video-grab/video-grab
    /Applications/Xcode_15.4.app/Contents/Developer/Toolchains/XcodeDefault.xctoolchain/usr/bin/swift-frontend -c -primary-file /Users/runner/work/video-grab/video-grab/app/BiliParse.swift -primary-file /Users/runner/work/video-grab/video-grab/VideoGrabTests/BiliParseTests.swift -primary-file /Users/runner/work/video-grab/video-grab/app/BlockList.swift -primary-file /Users/runner/work/video-grab/video-grab/VideoGrabTests/BlockListTests.swift -primary-file /Users/runner/work/video-grab/video-grab/app/CompressPlan.swift -primary-file /Users/runner/work/video-grab/video-grab/VideoGrabTests/CompressPlanTests.swift -primary-file /Users/runner/work/video-grab/video-grab/app/LinkText.swift /Users/runner/work/video-grab/video-grab/VideoGrabTests/LinkTextTests.swift /Users/runner/work/video-grab/video-grab/VideoGrabTests/LogicTests.swift /Users/runner/work/video-grab/video-grab/app/M3U8.swift /Users/runner/work/video-grab/video-grab/app/MagnetStatus.swift /Users/runner/work/video-grab/video-grab/VideoGrabTests/MagnetStatusTests.swift /Users/runner/work/video-grab/video-grab/app/PlaylistAnchor.swift /Users/runner/work/video-grab/video-grab/app/SiteRules.swift /Users/runner/work/video-grab/video-grab/VideoGrabTests/SiteRulesTests.swift /Users/runner/work/video-grab/video-grab/app/UILayout.swift /Users/runner/work/video-grab/video-grab/VideoGrabTests/UILayoutTests.swift /Users/runner/work/video-grab/video-grab/app/UserScript.swift /Users/runner/work/video-grab/video-grab/VideoGrabTests/UserScriptTests.swift -supplementary-output-file-map /Users/runner/Library/Developer/Xcode/DerivedData/VideoGrab-ektszpefytmtzvfduuvmogrbmoyt/Build/Intermediates.noindex/VideoGrab.build/Debug-iphonesimulator/VideoGrabTests.build/Objects-normal/arm64/supplementaryOutputs-1 -target arm64-apple-ios15.0-simulator -Xllvm -aarch64-use-tbi -enable-objc-interop -sdk /Applications/Xcode_15.4.app/Contents/Developer/Platforms/iPhoneSimulator.platform/Developer/SDKs/iPhoneSimulator17.5.sdk -I /Users/runner/Library/Developer/Xcode/DerivedData/VideoGrab-ektszpefytmtzvfduuvmogrbmoyt/Build/Products/Debug-iphonesimulator -I /Applications/Xcode_15.4.app/Contents/Developer/Platforms/iPhoneSimulator.platform/Developer/usr/lib -F /Users/runner/Library/Developer/Xcode/DerivedData/VideoGrab-ektszpefytmtzvfduuvmogrbmoyt/Build/Products/Debug-iphonesimulator -F /Applications/Xcode_15.4.app/Contents/Developer/Platforms/iPhoneSimulator.platform/Developer/Library/Frameworks -F /Applications/Xcode_15.4.app/Contents/Developer/Platforms/iPhoneSimulator.platform/Developer/SDKs/iPhoneSimulator17.5.sdk/Developer/Library/Frameworks -no-color-diagnostics -enable-testing -g -module-cache-path /Users/runner/Library/Developer/Xcode/DerivedData/ModuleCache.noindex -swift-version 5 -enforce-exclusivity\=checked -Onone -D DEBUG -serialize-debugging-options -const-gather-protocols-file /Users/runner/Library/Developer/Xcode/DerivedData/VideoGrab-ektszpefytmtzvfduuvmogrbmoyt/Build/Intermediates.noindex/VideoGrab.build/Debug-iphonesimulator/VideoGrabTests.build/Objects-normal/arm64/VideoGrabTests_const_extract_protocols.json -enable-bare-slash-regex -empty-abi-descriptor -validate-clang-modules-once -clang-build-session-file /Users/runner/Library/Developer/Xcode/DerivedData/ModuleCache.noindex/Session.modulevalidation -Xcc -working-directory -Xcc /Users/runner/work/video-grab/video-grab -resource-dir /Applications/Xcode_15.4.app/Contents/Developer/Toolchains/XcodeDefault.xctoolchain/usr/lib/swift -enable-anonymous-context-mangled-names -Xcc -ivfsstatcache -Xcc /Users/runner/Library/Developer/Xcode/DerivedData/SDKStatCaches.noindex/iphonesimulator17.5-21F77-23950cd4b3f73050108268841b0fa1a8.sdkstatcache -Xcc -I/Users/runner/Library/Developer/Xcode/DerivedData/VideoGrab-ektszpefytmtzvfduuvmogrbmoyt/Build/Intermediates.noindex/VideoGrab.build/Debug-iphonesimulator/VideoGrabTests.build/swift-overrides.hmap -Xcc -iquote -Xcc /Users/runner/Library/Developer/Xcode/DerivedData/VideoGrab-ektszpefytmtzvfduuvmogrbmoyt/Build/Intermediates.noindex/VideoGrab.build/Debug-iphonesimulator/VideoGrabTests.build/VideoGrabTests-generated-files.hmap -Xcc -I/Users/runner/Library/Developer/Xcode/DerivedData/VideoGrab-ektszpefytmtzvfduuvmogrbmoyt/Build/Intermediates.noindex/VideoGrab.build/Debug-iphonesimulator/VideoGrabTests.build/VideoGrabTests-own-target-headers.hmap -Xcc -I/Users/runner/Library/Developer/Xcode/DerivedData/VideoGrab-ektszpefytmtzvfduuvmogrbmoyt/Build/Intermediates.noindex/VideoGrab.build/Debug-iphonesimulator/VideoGrabTests.build/VideoGrabTests-all-target-headers.hmap -Xcc -iquote -Xcc /Users/runner/Library/Developer/Xcode/DerivedData/VideoGrab-ektszpefytmtzvfduuvmogrbmoyt/Build/Intermediates.noindex/VideoGrab.build/Debug-iphonesimulator/VideoGrabTests.build/VideoGrabTests-project-headers.hmap -Xcc -I/Users/runner/Library/Developer/Xcode/DerivedData/VideoGrab-ektszpefytmtzvfduuvmogrbmoyt/Build/Products/Debug-iphonesimulator/include -Xcc -I/Users/runner/Library/Developer/Xcode/DerivedData/VideoGrab-ektszpefytmtzvfduuvmogrbmoyt/Build/Intermediates.noindex/VideoGrab.build/Debug-iphonesimulator/VideoGrabTests.build/DerivedSources-normal/arm64 -Xcc -I/Users/runner/Library/Developer/Xcode/DerivedData/VideoGrab-ektszpefytmtzvfduuvmogrbmoyt/Build/Intermediates.noindex/VideoGrab.build/Debug-iphonesimulator/VideoGrabTests.build/DerivedSources/arm64 -Xcc -I/Users/runner/Library/Developer/Xcode/DerivedData/VideoGrab-ektszpefytmtzvfduuvmogrbmoyt/Build/Intermediates.noindex/VideoGrab.build/Debug-iphonesimulator/VideoGrabTests.build/DerivedSources -Xcc -DDEBUG\=1 -module-name VideoGrabTests -frontend-parseable-output -disable-clang-spi -target-sdk-version 17.5 -target-sdk-name iphonesimulator17.5 -external-plugin-path /Applications/Xcode_15.4.app/Contents/Developer/Platforms/iPhoneSimulator.platform/Developer/SDKs/iPhoneSimulator17.5.sdk/usr/lib/swift/host/plugins\#/Applications/Xcode_15.4.app/Contents/Developer/Platforms/iPhoneSimulator.platform/Developer/SDKs/iPhoneSimulator17.5.sdk/usr/bin/swift-plugin-server -external-plugin-path /Applications/Xcode_15.4.app/Contents/Developer/Platforms/iPhoneSimulator.platform/Developer/SDKs/iPhoneSimulator17.5.sdk/usr/local/lib/swift/host/plugins\#/Applications/Xcode_15.4.app/Contents/Developer/Platforms/iPhoneSimulator.platform/Developer/SDKs/iPhoneSimulator17.5.sdk/usr/bin/swift-plugin-server -external-plugin-path /Applications/Xcode_15.4.app/Contents/Developer/Platforms/iPhoneOS.platform/Developer/usr/lib/swift/host/plugins\#/Applications/Xcode_15.4.app/Contents/Developer/Platforms/iPhoneOS.platform/Developer/usr/bin/swift-plugin-server -external-plugin-path /Applications/Xcode_15.4.app/Contents/Developer/Platforms/iPhoneOS.platform/Developer/usr/local/lib/swift/host/plugins\#/Applications/Xcode_15.4.app/Contents/Developer/Platforms/iPhoneOS.platform/Developer/usr/bin/swift-plugin-server -plugin-path /Applications/Xcode_15.4.app/Contents/Developer/Toolchains/XcodeDefault.xctoolchain/usr/lib/swift/host/plugins -plugin-path /Applications/Xcode_15.4.app/Contents/Developer/Toolchains/XcodeDefault.xctoolchain/usr/local/lib/swift/host/plugins -o /Users/runner/Library/Developer/Xcode/DerivedData/VideoGrab-ektszpefytmtzvfduuvmogrbmoyt/Build/Intermediates.noindex/VideoGrab.build/Debug-iphonesimulator/VideoGrabTests.build/Objects-normal/arm64/BiliParse.o -o /Users/runner/Library/Developer/Xcode/DerivedData/VideoGrab-ektszpefytmtzvfduuvmogrbmoyt/Build/Intermediates.noindex/VideoGrab.build/Debug-iphonesimulator/VideoGrabTests.build/Objects-normal/arm64/BiliParseTests.o -o /Users/runner/Library/Developer/Xcode/DerivedData/VideoGrab-ektszpefytmtzvfduuvmogrbmoyt/Build/Intermediates.noindex/VideoGrab.build/Debug-iphonesimulator/VideoGrabTests.build/Objects-normal/arm64/BlockList.o -o /Users/runner/Library/Developer/Xcode/DerivedData/VideoGrab-ektszpefytmtzvfduuvmogrbmoyt/Build/Intermediates.noindex/VideoGrab.build/Debug-iphonesimulator/VideoGrabTests.build/Objects-normal/arm64/BlockListTests.o -o /Users/runner/Library/Developer/Xcode/DerivedData/VideoGrab-ektszpefytmtzvfduuvmogrbmoyt/Build/Intermediates.noindex/VideoGrab.build/Debug-iphonesimulator/VideoGrabTests.build/Objects-normal/arm64/CompressPlan.o -o /Users/runner/Library/Developer/Xcode/DerivedData/VideoGrab-ektszpefytmtzvfduuvmogrbmoyt/Build/Intermediates.noindex/VideoGrab.build/Debug-iphonesimulator/VideoGrabTests.build/Objects-normal/arm64/CompressPlanTests.o -o /Users/runner/Library/Developer/Xcode/DerivedData/VideoGrab-ektszpefytmtzvfduuvmogrbmoyt/Build/Intermediates.noindex/VideoGrab.build/Debug-iphonesimulator/VideoGrabTests.build/Objects-normal/arm64/LinkText.o -index-unit-output-path /VideoGrab.build/Debug-iphonesimulator/VideoGrabTests.build/Objects-normal/arm64/BiliParse.o -index-unit-output-path /VideoGrab.build/Debug-iphonesimulator/VideoGrabTests.build/Objects-normal/arm64/BiliParseTests.o -index-unit-output-path /VideoGrab.build/Debug-iphonesimulator/VideoGrabTests.build/Objects-normal/arm64/BlockList.o -index-unit-output-path /VideoGrab.build/Debug-iphonesimulator/VideoGrabTests.build/Objects-normal/arm64/BlockListTests.o -index-unit-output-path /VideoGrab.build/Debug-iphonesimulator/VideoGrabTests.build/Objects-normal/arm64/CompressPlan.o -index-unit-output-path /VideoGrab.build/Debug-iphonesimulator/VideoGrabTests.build/Objects-normal/arm64/CompressPlanTests.o -index-unit-output-path /VideoGrab.build/Debug-iphonesimulator/VideoGrabTests.build/Objects-normal/arm64/LinkText.o -index-store-path /Users/runner/Library/Developer/Xcode/DerivedData/VideoGrab-ektszpefytmtzvfduuvmogrbmoyt/Index.noindex/DataStore -index-system-modules

SwiftCompile normal arm64 /Users/runner/work/video-grab/video-grab/app/BlockList.swift (in target 'VideoGrabTests' from project 'VideoGrab')
    cd /Users/runner/work/video-grab/video-grab
    /Applications/Xcode_15.4.app/Contents/Developer/Toolchains/XcodeDefault.xctoolchain/usr/bin/swift-frontend -c -primary-file /Users/runner/work/video-grab/video-grab/app/BiliParse.swift -primary-file /Users/runner/work/video-grab/video-grab/VideoGrabTests/BiliParseTests.swift -primary-file /Users/runner/work/video-grab/video-grab/app/BlockList.swift -primary-file /Users/runner/work/video-grab/video-grab/VideoGrabTests/BlockListTests.swift -primary-file /Users/runner/work/video-grab/video-grab/app/CompressPlan.swift -primary-file /Users/runner/work/video-grab/video-grab/VideoGrabTests/CompressPlanTests.swift -primary-file /Users/runner/work/video-grab/video-grab/app/LinkText.swift /Users/runner/work/video-grab/video-grab/VideoGrabTests/LinkTextTests.swift /Users/runner/work/video-grab/video-grab/VideoGrabTests/LogicTests.swift /Users/runner/work/video-grab/video-grab/app/M3U8.swift /Users/runner/work/video-grab/video-grab/app/MagnetStatus.swift /Users/runner/work/video-grab/video-grab/VideoGrabTests/MagnetStatusTests.swift /Users/runner/work/video-grab/video-grab/app/PlaylistAnchor.swift /Users/runner/work/video-grab/video-grab/app/SiteRules.swift /Users/runner/work/video-grab/video-grab/VideoGrabTests/SiteRulesTests.swift /Users/runner/work/video-grab/video-grab/app/UILayout.swift /Users/runner/work/video-grab/video-grab/VideoGrabTests/UILayoutTests.swift /Users/runner/work/video-grab/video-grab/app/UserScript.swift /Users/runner/work/video-grab/video-grab/VideoGrabTests/UserScriptTests.swift -supplementary-output-file-map /Users/runner/Library/Developer/Xcode/DerivedData/VideoGrab-ektszpefytmtzvfduuvmogrbmoyt/Build/Intermediates.noindex/VideoGrab.build/Debug-iphonesimulator/VideoGrabTests.build/Objects-normal/arm64/supplementaryOutputs-1 -target arm64-apple-ios15.0-simulator -Xllvm -aarch64-use-tbi -enable-objc-interop -sdk /Applications/Xcode_15.4.app/Contents/Developer/Platforms/iPhoneSimulator.platform/Developer/SDKs/iPhoneSimulator17.5.sdk -I /Users/runner/Library/Developer/Xcode/DerivedData/VideoGrab-ektszpefytmtzvfduuvmogrbmoyt/Build/Products/Debug-iphonesimulator -I /Applications/Xcode_15.4.app/Contents/Developer/Platforms/iPhoneSimulator.platform/Developer/usr/lib -F /Users/runner/Library/Developer/Xcode/DerivedData/VideoGrab-ektszpefytmtzvfduuvmogrbmoyt/Build/Products/Debug-iphonesimulator -F /Applications/Xcode_15.4.app/Contents/Developer/Platforms/iPhoneSimulator.platform/Developer/Library/Frameworks -F /Applications/Xcode_15.4.app/Contents/Developer/Platforms/iPhoneSimulator.platform/Developer/SDKs/iPhoneSimulator17.5.sdk/Developer/Library/Frameworks -no-color-diagnostics -enable-testing -g -module-cache-path /Users/runner/Library/Developer/Xcode/DerivedData/ModuleCache.noindex -swift-version 5 -enforce-exclusivity\=checked -Onone -D DEBUG -serialize-debugging-options -const-gather-protocols-file /Users/runner/Library/Developer/Xcode/DerivedData/VideoGrab-ektszpefytmtzvfduuvmogrbmoyt/Build/Intermediates.noindex/VideoGrab.build/Debug-iphonesimulator/VideoGrabTests.build/Objects-normal/arm64/VideoGrabTests_const_extract_protocols.json -enable-bare-slash-regex -empty-abi-descriptor -validate-clang-modules-once -clang-build-session-file /Users/runner/Library/Developer/Xcode/DerivedData/ModuleCache.noindex/Session.modulevalidation -Xcc -working-directory -Xcc /Users/runner/work/video-grab/video-grab -resource-dir /Applications/Xcode_15.4.app/Contents/Developer/Toolchains/XcodeDefault.xctoolchain/usr/lib/swift -enable-anonymous-context-mangled-names -Xcc -ivfsstatcache -Xcc /Users/runner/Library/Developer/Xcode/DerivedData/SDKStatCaches.noindex/iphonesimulator17.5-21F77-23950cd4b3f73050108268841b0fa1a8.sdkstatcache -Xcc -I/Users/runner/Library/Developer/Xcode/DerivedData/VideoGrab-ektszpefytmtzvfduuvmogrbmoyt/Build/Intermediates.noindex/VideoGrab.build/Debug-iphonesimulator/VideoGrabTests.build/swift-overrides.hmap -Xcc -iquote -Xcc /Users/runner/Library/Developer/Xcode/DerivedData/VideoGrab-ektszpefytmtzvfduuvmogrbmoyt/Build/Intermediates.noindex/VideoGrab.build/Debug-iphonesimulator/VideoGrabTests.build/VideoGrabTests-generated-files.hmap -Xcc -I/Users/runner/Library/Developer/Xcode/DerivedData/VideoGrab-ektszpefytmtzvfduuvmogrbmoyt/Build/Intermediates.noindex/VideoGrab.build/Debug-iphonesimulator/VideoGrabTests.build/VideoGrabTests-own-target-headers.hmap -Xcc -I/Users/runner/Library/Developer/Xcode/DerivedData/VideoGrab-ektszpefytmtzvfduuvmogrbmoyt/Build/Intermediates.noindex/VideoGrab.build/Debug-iphonesimulator/VideoGrabTests.build/VideoGrabTests-all-target-headers.hmap -Xcc -iquote -Xcc /Users/runner/Library/Developer/Xcode/DerivedData/VideoGrab-ektszpefytmtzvfduuvmogrbmoyt/Build/Intermediates.noindex/VideoGrab.build/Debug-iphonesimulator/VideoGrabTests.build/VideoGrabTests-project-headers.hmap -Xcc -I/Users/runner/Library/Developer/Xcode/DerivedData/VideoGrab-ektszpefytmtzvfduuvmogrbmoyt/Build/Products/Debug-iphonesimulator/include -Xcc -I/Users/runner/Library/Developer/Xcode/DerivedData/VideoGrab-ektszpefytmtzvfduuvmogrbmoyt/Build/Intermediates.noindex/VideoGrab.build/Debug-iphonesimulator/VideoGrabTests.build/DerivedSources-normal/arm64 -Xcc -I/Users/runner/Library/Developer/Xcode/DerivedData/VideoGrab-ektszpefytmtzvfduuvmogrbmoyt/Build/Intermediates.noindex/VideoGrab.build/Debug-iphonesimulator/VideoGrabTests.build/DerivedSources/arm64 -Xcc -I/Users/runner/Library/Developer/Xcode/DerivedData/VideoGrab-ektszpefytmtzvfduuvmogrbmoyt/Build/Intermediates.noindex/VideoGrab.build/Debug-iphonesimulator/VideoGrabTests.build/DerivedSources -Xcc -DDEBUG\=1 -module-name VideoGrabTests -frontend-parseable-output -disable-clang-spi -target-sdk-version 17.5 -target-sdk-name iphonesimulator17.5 -external-plugin-path /Applications/Xcode_15.4.app/Contents/Developer/Platforms/iPhoneSimulator.platform/Developer/SDKs/iPhoneSimulator17.5.sdk/usr/lib/swift/host/plugins\#/Applications/Xcode_15.4.app/Contents/Developer/Platforms/iPhoneSimulator.platform/Developer/SDKs/iPhoneSimulator17.5.sdk/usr/bin/swift-plugin-server -external-plugin-path /Applications/Xcode_15.4.app/Contents/Developer/Platforms/iPhoneSimulator.platform/Developer/SDKs/iPhoneSimulator17.5.sdk/usr/local/lib/swift/host/plugins\#/Applications/Xcode_15.4.app/Contents/Developer/Platforms/iPhoneSimulator.platform/Developer/SDKs/iPhoneSimulator17.5.sdk/usr/bin/swift-plugin-server -external-plugin-path /Applications/Xcode_15.4.app/Contents/Developer/Platforms/iPhoneOS.platform/Developer/usr/lib/swift/host/plugins\#/Applications/Xcode_15.4.app/Contents/Developer/Platforms/iPhoneOS.platform/Developer/usr/bin/swift-plugin-server -external-plugin-path /Applications/Xcode_15.4.app/Contents/Developer/Platforms/iPhoneOS.platform/Developer/usr/local/lib/swift/host/plugins\#/Applications/Xcode_15.4.app/Contents/Developer/Platforms/iPhoneOS.platform/Developer/usr/bin/swift-plugin-server -plugin-path /Applications/Xcode_15.4.app/Contents/Developer/Toolchains/XcodeDefault.xctoolchain/usr/lib/swift/host/plugins -plugin-path /Applications/Xcode_15.4.app/Contents/Developer/Toolchains/XcodeDefault.xctoolchain/usr/local/lib/swift/host/plugins -o /Users/runner/Library/Developer/Xcode/DerivedData/VideoGrab-ektszpefytmtzvfduuvmogrbmoyt/Build/Intermediates.noindex/VideoGrab.build/Debug-iphonesimulator/VideoGrabTests.build/Objects-normal/arm64/BiliParse.o -o /Users/runner/Library/Developer/Xcode/DerivedData/VideoGrab-ektszpefytmtzvfduuvmogrbmoyt/Build/Intermediates.noindex/VideoGrab.build/Debug-iphonesimulator/VideoGrabTests.build/Objects-normal/arm64/BiliParseTests.o -o /Users/runner/Library/Developer/Xcode/DerivedData/VideoGrab-ektszpefytmtzvfduuvmogrbmoyt/Build/Intermediates.noindex/VideoGrab.build/Debug-iphonesimulator/VideoGrabTests.build/Objects-normal/arm64/BlockList.o -o /Users/runner/Library/Developer/Xcode/DerivedData/VideoGrab-ektszpefytmtzvfduuvmogrbmoyt/Build/Intermediates.noindex/VideoGrab.build/Debug-iphonesimulator/VideoGrabTests.build/Objects-normal/arm64/BlockListTests.o -o /Users/runner/Library/Developer/Xcode/DerivedData/VideoGrab-ektszpefytmtzvfduuvmogrbmoyt/Build/Intermediates.noindex/VideoGrab.build/Debug-iphonesimulator/VideoGrabTests.build/Objects-normal/arm64/CompressPlan.o -o /Users/runner/Library/Developer/Xcode/DerivedData/VideoGrab-ektszpefytmtzvfduuvmogrbmoyt/Build/Intermediates.noindex/VideoGrab.build/Debug-iphonesimulator/VideoGrabTests.build/Objects-normal/arm64/CompressPlanTests.o -o /Users/runner/Library/Developer/Xcode/DerivedData/VideoGrab-ektszpefytmtzvfduuvmogrbmoyt/Build/Intermediates.noindex/VideoGrab.build/Debug-iphonesimulator/VideoGrabTests.build/Objects-normal/arm64/LinkText.o -index-unit-output-path /VideoGrab.build/Debug-iphonesimulator/VideoGrabTests.build/Objects-normal/arm64/BiliParse.o -index-unit-output-path /VideoGrab.build/Debug-iphonesimulator/VideoGrabTests.build/Objects-normal/arm64/BiliParseTests.o -index-unit-output-path /VideoGrab.build/Debug-iphonesimulator/VideoGrabTests.build/Objects-normal/arm64/BlockList.o -index-unit-output-path /VideoGrab.build/Debug-iphonesimulator/VideoGrabTests.build/Objects-normal/arm64/BlockListTests.o -index-unit-output-path /VideoGrab.build/Debug-iphonesimulator/VideoGrabTests.build/Objects-normal/arm64/CompressPlan.o -index-unit-output-path /VideoGrab.build/Debug-iphonesimulator/VideoGrabTests.build/Objects-normal/arm64/CompressPlanTests.o -index-unit-output-path /VideoGrab.build/Debug-iphonesimulator/VideoGrabTests.build/Objects-normal/arm64/LinkText.o -index-store-path /Users/runner/Library/Developer/Xcode/DerivedData/VideoGrab-ektszpefytmtzvfduuvmogrbmoyt/Index.noindex/DataStore -index-system-modules

SwiftCompile normal arm64 /Users/runner/work/video-grab/video-grab/VideoGrabTests/BlockListTests.swift (in target 'VideoGrabTests' from project 'VideoGrab')
    cd /Users/runner/work/video-grab/video-grab
    /Applications/Xcode_15.4.app/Contents/Developer/Toolchains/XcodeDefault.xctoolchain/usr/bin/swift-frontend -c -primary-file /Users/runner/work/video-grab/video-grab/app/BiliParse.swift -primary-file /Users/runner/work/video-grab/video-grab/VideoGrabTests/BiliParseTests.swift -primary-file /Users/runner/work/video-grab/video-grab/app/BlockList.swift -primary-file /Users/runner/work/video-grab/video-grab/VideoGrabTests/BlockListTests.swift -primary-file /Users/runner/work/video-grab/video-grab/app/CompressPlan.swift -primary-file /Users/runner/work/video-grab/video-grab/VideoGrabTests/CompressPlanTests.swift -primary-file /Users/runner/work/video-grab/video-grab/app/LinkText.swift /Users/runner/work/video-grab/video-grab/VideoGrabTests/LinkTextTests.swift /Users/runner/work/video-grab/video-grab/VideoGrabTests/LogicTests.swift /Users/runner/work/video-grab/video-grab/app/M3U8.swift /Users/runner/work/video-grab/video-grab/app/MagnetStatus.swift /Users/runner/work/video-grab/video-grab/VideoGrabTests/MagnetStatusTests.swift /Users/runner/work/video-grab/video-grab/app/PlaylistAnchor.swift /Users/runner/work/video-grab/video-grab/app/SiteRules.swift /Users/runner/work/video-grab/video-grab/VideoGrabTests/SiteRulesTests.swift /Users/runner/work/video-grab/video-grab/app/UILayout.swift /Users/runner/work/video-grab/video-grab/VideoGrabTests/UILayoutTests.swift /Users/runner/work/video-grab/video-grab/app/UserScript.swift /Users/runner/work/video-grab/video-grab/VideoGrabTests/UserScriptTests.swift -supplementary-output-file-map /Users/runner/Library/Developer/Xcode/DerivedData/VideoGrab-ektszpefytmtzvfduuvmogrbmoyt/Build/Intermediates.noindex/VideoGrab.build/Debug-iphonesimulator/VideoGrabTests.build/Objects-normal/arm64/supplementaryOutputs-1 -target arm64-apple-ios15.0-simulator -Xllvm -aarch64-use-tbi -enable-objc-interop -sdk /Applications/Xcode_15.4.app/Contents/Developer/Platforms/iPhoneSimulator.platform/Developer/SDKs/iPhoneSimulator17.5.sdk -I /Users/runner/Library/Developer/Xcode/DerivedData/VideoGrab-ektszpefytmtzvfduuvmogrbmoyt/Build/Products/Debug-iphonesimulator -I /Applications/Xcode_15.4.app/Contents/Developer/Platforms/iPhoneSimulator.platform/Developer/usr/lib -F /Users/runner/Library/Developer/Xcode/DerivedData/VideoGrab-ektszpefytmtzvfduuvmogrbmoyt/Build/Products/Debug-iphonesimulator -F /Applications/Xcode_15.4.app/Contents/Developer/Platforms/iPhoneSimulator.platform/Developer/Library/Frameworks -F /Applications/Xcode_15.4.app/Contents/Developer/Platforms/iPhoneSimulator.platform/Developer/SDKs/iPhoneSimulator17.5.sdk/Developer/Library/Frameworks -no-color-diagnostics -enable-testing -g -module-cache-path /Users/runner/Library/Developer/Xcode/DerivedData/ModuleCache.noindex -swift-version 5 -enforce-exclusivity\=checked -Onone -D DEBUG -serialize-debugging-options -const-gather-protocols-file /Users/runner/Library/Developer/Xcode/DerivedData/VideoGrab-ektszpefytmtzvfduuvmogrbmoyt/Build/Intermediates.noindex/VideoGrab.build/Debug-iphonesimulator/VideoGrabTests.build/Objects-normal/arm64/VideoGrabTests_const_extract_protocols.json -enable-bare-slash-regex -empty-abi-descriptor -validate-clang-modules-once -clang-build-session-file /Users/runner/Library/Developer/Xcode/DerivedData/ModuleCache.noindex/Session.modulevalidation -Xcc -working-directory -Xcc /Users/runner/work/video-grab/video-grab -resource-dir /Applications/Xcode_15.4.app/Contents/Developer/Toolchains/XcodeDefault.xctoolchain/usr/lib/swift -enable-anonymous-context-mangled-names -Xcc -ivfsstatcache -Xcc /Users/runner/Library/Developer/Xcode/DerivedData/SDKStatCaches.noindex/iphonesimulator17.5-21F77-23950cd4b3f73050108268841b0fa1a8.sdkstatcache -Xcc -I/Users/runner/Library/Developer/Xcode/DerivedData/VideoGrab-ektszpefytmtzvfduuvmogrbmoyt/Build/Intermediates.noindex/VideoGrab.build/Debug-iphonesimulator/VideoGrabTests.build/swift-overrides.hmap -Xcc -iquote -Xcc /Users/runner/Library/Developer/Xcode/DerivedData/VideoGrab-ektszpefytmtzvfduuvmogrbmoyt/Build/Intermediates.noindex/VideoGrab.build/Debug-iphonesimulator/VideoGrabTests.build/VideoGrabTests-generated-files.hmap -Xcc -I/Users/runner/Library/Developer/Xcode/DerivedData/VideoGrab-ektszpefytmtzvfduuvmogrbmoyt/Build/Intermediates.noindex/VideoGrab.build/Debug-iphonesimulator/VideoGrabTests.build/VideoGrabTests-own-target-headers.hmap -Xcc -I/Users/runner/Library/Developer/Xcode/DerivedData/VideoGrab-ektszpefytmtzvfduuvmogrbmoyt/Build/Intermediates.noindex/VideoGrab.build/Debug-iphonesimulator/VideoGrabTests.build/VideoGrabTests-all-target-headers.hmap -Xcc -iquote -Xcc /Users/runner/Library/Developer/Xcode/DerivedData/VideoGrab-ektszpefytmtzvfduuvmogrbmoyt/Build/Intermediates.noindex/VideoGrab.build/Debug-iphonesimulator/VideoGrabTests.build/VideoGrabTests-project-headers.hmap -Xcc -I/Users/runner/Library/Developer/Xcode/DerivedData/VideoGrab-ektszpefytmtzvfduuvmogrbmoyt/Build/Products/Debug-iphonesimulator/include -Xcc -I/Users/runner/Library/Developer/Xcode/DerivedData/VideoGrab-ektszpefytmtzvfduuvmogrbmoyt/Build/Intermediates.noindex/VideoGrab.build/Debug-iphonesimulator/VideoGrabTests.build/DerivedSources-normal/arm64 -Xcc -I/Users/runner/Library/Developer/Xcode/DerivedData/VideoGrab-ektszpefytmtzvfduuvmogrbmoyt/Build/Intermediates.noindex/VideoGrab.build/Debug-iphonesimulator/VideoGrabTests.build/DerivedSources/arm64 -Xcc -I/Users/runner/Library/Developer/Xcode/DerivedData/VideoGrab-ektszpefytmtzvfduuvmogrbmoyt/Build/Intermediates.noindex/VideoGrab.build/Debug-iphonesimulator/VideoGrabTests.build/DerivedSources -Xcc -DDEBUG\=1 -module-name VideoGrabTests -frontend-parseable-output -disable-clang-spi -target-sdk-version 17.5 -target-sdk-name iphonesimulator17.5 -external-plugin-path /Applications/Xcode_15.4.app/Contents/Developer/Platforms/iPhoneSimulator.platform/Developer/SDKs/iPhoneSimulator17.5.sdk/usr/lib/swift/host/plugins\#/Applications/Xcode_15.4.app/Contents/Developer/Platforms/iPhoneSimulator.platform/Developer/SDKs/iPhoneSimulator17.5.sdk/usr/bin/swift-plugin-server -external-plugin-path /Applications/Xcode_15.4.app/Contents/Developer/Platforms/iPhoneSimulator.platform/Developer/SDKs/iPhoneSimulator17.5.sdk/usr/local/lib/swift/host/plugins\#/Applications/Xcode_15.4.app/Contents/Developer/Platforms/iPhoneSimulator.platform/Developer/SDKs/iPhoneSimulator17.5.sdk/usr/bin/swift-plugin-server -external-plugin-path /Applications/Xcode_15.4.app/Contents/Developer/Platforms/iPhoneOS.platform/Developer/usr/lib/swift/host/plugins\#/Applications/Xcode_15.4.app/Contents/Developer/Platforms/iPhoneOS.platform/Developer/usr/bin/swift-plugin-server -external-plugin-path /Applications/Xcode_15.4.app/Contents/Developer/Platforms/iPhoneOS.platform/Developer/usr/local/lib/swift/host/plugins\#/Applications/Xcode_15.4.app/Contents/Developer/Platforms/iPhoneOS.platform/Developer/usr/bin/swift-plugin-server -plugin-path /Applications/Xcode_15.4.app/Contents/Developer/Toolchains/XcodeDefault.xctoolchain/usr/lib/swift/host/plugins -plugin-path /Applications/Xcode_15.4.app/Contents/Developer/Toolchains/XcodeDefault.xctoolchain/usr/local/lib/swift/host/plugins -o /Users/runner/Library/Developer/Xcode/DerivedData/VideoGrab-ektszpefytmtzvfduuvmogrbmoyt/Build/Intermediates.noindex/VideoGrab.build/Debug-iphonesimulator/VideoGrabTests.build/Objects-normal/arm64/BiliParse.o -o /Users/runner/Library/Developer/Xcode/DerivedData/VideoGrab-ektszpefytmtzvfduuvmogrbmoyt/Build/Intermediates.noindex/VideoGrab.build/Debug-iphonesimulator/VideoGrabTests.build/Objects-normal/arm64/BiliParseTests.o -o /Users/runner/Library/Developer/Xcode/DerivedData/VideoGrab-ektszpefytmtzvfduuvmogrbmoyt/Build/Intermediates.noindex/VideoGrab.build/Debug-iphonesimulator/VideoGrabTests.build/Objects-normal/arm64/BlockList.o -o /Users/runner/Library/Developer/Xcode/DerivedData/VideoGrab-ektszpefytmtzvfduuvmogrbmoyt/Build/Intermediates.noindex/VideoGrab.build/Debug-iphonesimulator/VideoGrabTests.build/Objects-normal/arm64/BlockListTests.o -o /Users/runner/Library/Developer/Xcode/DerivedData/VideoGrab-ektszpefytmtzvfduuvmogrbmoyt/Build/Intermediates.noindex/VideoGrab.build/Debug-iphonesimulator/VideoGrabTests.build/Objects-normal/arm64/CompressPlan.o -o /Users/runner/Library/Developer/Xcode/DerivedData/VideoGrab-ektszpefytmtzvfduuvmogrbmoyt/Build/Intermediates.noindex/VideoGrab.build/Debug-iphonesimulator/VideoGrabTests.build/Objects-normal/arm64/CompressPlanTests.o -o /Users/runner/Library/Developer/Xcode/DerivedData/VideoGrab-ektszpefytmtzvfduuvmogrbmoyt/Build/Intermediates.noindex/VideoGrab.build/Debug-iphonesimulator/VideoGrabTests.build/Objects-normal/arm64/LinkText.o -index-unit-output-path /VideoGrab.build/Debug-iphonesimulator/VideoGrabTests.build/Objects-normal/arm64/BiliParse.o -index-unit-output-path /VideoGrab.build/Debug-iphonesimulator/VideoGrabTests.build/Objects-normal/arm64/BiliParseTests.o -index-unit-output-path /VideoGrab.build/Debug-iphonesimulator/VideoGrabTests.build/Objects-normal/arm64/BlockList.o -index-unit-output-path /VideoGrab.build/Debug-iphonesimulator/VideoGrabTests.build/Objects-normal/arm64/BlockListTests.o -index-unit-output-path /VideoGrab.build/Debug-iphonesimulator/VideoGrabTests.build/Objects-normal/arm64/CompressPlan.o -index-unit-output-path /VideoGrab.build/Debug-iphonesimulator/VideoGrabTests.build/Objects-normal/arm64/CompressPlanTests.o -index-unit-output-path /VideoGrab.build/Debug-iphonesimulator/VideoGrabTests.build/Objects-normal/arm64/LinkText.o -index-store-path /Users/runner/Library/Developer/Xcode/DerivedData/VideoGrab-ektszpefytmtzvfduuvmogrbmoyt/Index.noindex/DataStore -index-system-modules

SwiftCompile normal arm64 /Users/runner/work/video-grab/video-grab/app/CompressPlan.swift (in target 'VideoGrabTests' from project 'VideoGrab')
    cd /Users/runner/work/video-grab/video-grab
    /Applications/Xcode_15.4.app/Contents/Developer/Toolchains/XcodeDefault.xctoolchain/usr/bin/swift-frontend -c -primary-file /Users/runner/work/video-grab/video-grab/app/BiliParse.swift -primary-file /Users/runner/work/video-grab/video-grab/VideoGrabTests/BiliParseTests.swift -primary-file /Users/runner/work/video-grab/video-grab/app/BlockList.swift -primary-file /Users/runner/work/video-grab/video-grab/VideoGrabTests/BlockListTests.swift -primary-file /Users/runner/work/video-grab/video-grab/app/CompressPlan.swift -primary-file /Users/runner/work/video-grab/video-grab/VideoGrabTests/CompressPlanTests.swift -primary-file /Users/runner/work/video-grab/video-grab/app/LinkText.swift /Users/runner/work/video-grab/video-grab/VideoGrabTests/LinkTextTests.swift /Users/runner/work/video-grab/video-grab/VideoGrabTests/LogicTests.swift /Users/runner/work/video-grab/video-grab/app/M3U8.swift /Users/runner/work/video-grab/video-grab/app/MagnetStatus.swift /Users/runner/work/video-grab/video-grab/VideoGrabTests/MagnetStatusTests.swift /Users/runner/work/video-grab/video-grab/app/PlaylistAnchor.swift /Users/runner/work/video-grab/video-grab/app/SiteRules.swift /Users/runner/work/video-grab/video-grab/VideoGrabTests/SiteRulesTests.swift /Users/runner/work/video-grab/video-grab/app/UILayout.swift /Users/runner/work/video-grab/video-grab/VideoGrabTests/UILayoutTests.swift /Users/runner/work/video-grab/video-grab/app/UserScript.swift /Users/runner/work/video-grab/video-grab/VideoGrabTests/UserScriptTests.swift -supplementary-output-file-map /Users/runner/Library/Developer/Xcode/DerivedData/VideoGrab-ektszpefytmtzvfduuvmogrbmoyt/Build/Intermediates.noindex/VideoGrab.build/Debug-iphonesimulator/VideoGrabTests.build/Objects-normal/arm64/supplementaryOutputs-1 -target arm64-apple-ios15.0-simulator -Xllvm -aarch64-use-tbi -enable-objc-interop -sdk /Applications/Xcode_15.4.app/Contents/Developer/Platforms/iPhoneSimulator.platform/Developer/SDKs/iPhoneSimulator17.5.sdk -I /Users/runner/Library/Developer/Xcode/DerivedData/VideoGrab-ektszpefytmtzvfduuvmogrbmoyt/Build/Products/Debug-iphonesimulator -I /Applications/Xcode_15.4.app/Contents/Developer/Platforms/iPhoneSimulator.platform/Developer/usr/lib -F /Users/runner/Library/Developer/Xcode/DerivedData/VideoGrab-ektszpefytmtzvfduuvmogrbmoyt/Build/Products/Debug-iphonesimulator -F /Applications/Xcode_15.4.app/Contents/Developer/Platforms/iPhoneSimulator.platform/Developer/Library/Frameworks -F /Applications/Xcode_15.4.app/Contents/Developer/Platforms/iPhoneSimulator.platform/Developer/SDKs/iPhoneSimulator17.5.sdk/Developer/Library/Frameworks -no-color-diagnostics -enable-testing -g -module-cache-path /Users/runner/Library/Developer/Xcode/DerivedData/ModuleCache.noindex -swift-version 5 -enforce-exclusivity\=checked -Onone -D DEBUG -serialize-debugging-options -const-gather-protocols-file /Users/runner/Library/Developer/Xcode/DerivedData/VideoGrab-ektszpefytmtzvfduuvmogrbmoyt/Build/Intermediates.noindex/VideoGrab.build/Debug-iphonesimulator/VideoGrabTests.build/Objects-normal/arm64/VideoGrabTests_const_extract_protocols.json -enable-bare-slash-regex -empty-abi-descriptor -validate-clang-modules-once -clang-build-session-file /Users/runner/Library/Developer/Xcode/DerivedData/ModuleCache.noindex/Session.modulevalidation -Xcc -working-directory -Xcc /Users/runner/work/video-grab/video-grab -resource-dir /Applications/Xcode_15.4.app/Contents/Developer/Toolchains/XcodeDefault.xctoolchain/usr/lib/swift -enable-anonymous-context-mangled-names -Xcc -ivfsstatcache -Xcc /Users/runner/Library/Developer/Xcode/DerivedData/SDKStatCaches.noindex/iphonesimulator17.5-21F77-23950cd4b3f73050108268841b0fa1a8.sdkstatcache -Xcc -I/Users/runner/Library/Developer/Xcode/DerivedData/VideoGrab-ektszpefytmtzvfduuvmogrbmoyt/Build/Intermediates.noindex/VideoGrab.build/Debug-iphonesimulator/VideoGrabTests.build/swift-overrides.hmap -Xcc -iquote -Xcc /Users/runner/Library/Developer/Xcode/DerivedData/VideoGrab-ektszpefytmtzvfduuvmogrbmoyt/Build/Intermediates.noindex/VideoGrab.build/Debug-iphonesimulator/VideoGrabTests.build/VideoGrabTests-generated-files.hmap -Xcc -I/Users/runner/Library/Developer/Xcode/DerivedData/VideoGrab-ektszpefytmtzvfduuvmogrbmoyt/Build/Intermediates.noindex/VideoGrab.build/Debug-iphonesimulator/VideoGrabTests.build/VideoGrabTests-own-target-headers.hmap -Xcc -I/Users/runner/Library/Developer/Xcode/DerivedData/VideoGrab-ektszpefytmtzvfduuvmogrbmoyt/Build/Intermediates.noindex/VideoGrab.build/Debug-iphonesimulator/VideoGrabTests.build/VideoGrabTests-all-target-headers.hmap -Xcc -iquote -Xcc /Users/runner/Library/Developer/Xcode/DerivedData/VideoGrab-ektszpefytmtzvfduuvmogrbmoyt/Build/Intermediates.noindex/VideoGrab.build/Debug-iphonesimulator/VideoGrabTests.build/VideoGrabTests-project-headers.hmap -Xcc -I/Users/runner/Library/Developer/Xcode/DerivedData/VideoGrab-ektszpefytmtzvfduuvmogrbmoyt/Build/Products/Debug-iphonesimulator/include -Xcc -I/Users/runner/Library/Developer/Xcode/DerivedData/VideoGrab-ektszpefytmtzvfduuvmogrbmoyt/Build/Intermediates.noindex/VideoGrab.build/Debug-iphonesimulator/VideoGrabTe
=== (中间省略) ===

testTargetBitrateNeverExceedsCeiling]' passed (0.000 seconds).
Test Case '-[VideoGrabTests.CompressPlanTests testUnknownSourceInfoYieldsZeroNotASilentSkip]' started.
Test Case '-[VideoGrabTests.CompressPlanTests testUnknownSourceInfoYieldsZeroNotASilentSkip]' passed (0.000 seconds).
Test Suite 'CompressPlanTests' passed at 2026-10-09 08:04:01.098.
	 Executed 11 tests, with 0 failures (0 unexpected) in 0.003 (0.005) seconds
Test Suite 'LinkTextTests' started at 2026-10-09 08:04:01.098.
Test Case '-[VideoGrabTests.LinkTextTests testBareDomain]' started.
Test Case '-[VideoGrabTests.LinkTextTests testBareDomain]' passed (0.001 seconds).
Test Case '-[VideoGrabTests.LinkTextTests testBareDomainDoesNotSwallowSentences]' started.
Test Case '-[VideoGrabTests.LinkTextTests testBareDomainDoesNotSwallowSentences]' passed (0.001 seconds).
Test Case '-[VideoGrabTests.LinkTextTests testBiliKinds]' started.
Test Case '-[VideoGrabTests.LinkTextTests testBiliKinds]' passed (0.000 seconds).
Test Case '-[VideoGrabTests.LinkTextTests testExtractsBiliShareText]' started.
Test Case '-[VideoGrabTests.LinkTextTests testExtractsBiliShareText]' passed (0.000 seconds).
Test Case '-[VideoGrabTests.LinkTextTests testHintIsNonEmpty]' started.
Test Case '-[VideoGrabTests.LinkTextTests testHintIsNonEmpty]' passed (0.000 seconds).
Test Case '-[VideoGrabTests.LinkTextTests testMagnet]' started.
Test Case '-[VideoGrabTests.LinkTextTests testMagnet]' passed (0.000 seconds).
Test Case '-[VideoGrabTests.LinkTextTests testMagnetWithFullWidthPunctuation]' started.
Test Case '-[VideoGrabTests.LinkTextTests testMagnetWithFullWidthPunctuation]' passed (0.001 seconds).
Test Case '-[VideoGrabTests.LinkTextTests testNormalizedReturnsCleanLink]' started.
Test Case '-[VideoGrabTests.LinkTextTests testNormalizedReturnsCleanLink]' passed (0.000 seconds).
Test Case '-[VideoGrabTests.LinkTextTests testOtherPlatforms]' started.
Test Case '-[VideoGrabTests.LinkTextTests testOtherPlatforms]' passed (0.001 seconds).
Test Case '-[VideoGrabTests.LinkTextTests testRejectsLookalikeDomains]' started.
Test Case '-[VideoGrabTests.LinkTextTests testRejectsLookalikeDomains]' passed (0.000 seconds).
Test Case '-[VideoGrabTests.LinkTextTests testRejectsPlainText]' started.
Test Case '-[VideoGrabTests.LinkTextTests testRejectsPlainText]' passed (0.047 seconds).
Test Case '-[VideoGrabTests.LinkTextTests testShortLinkIsRecognizedEvenWithoutBVID]' started.
Test Case '-[VideoGrabTests.LinkTextTests testShortLinkIsRecognizedEvenWithoutBVID]' passed (0.000 seconds).
Test Case '-[VideoGrabTests.LinkTextTests testStopsAtChineseAfterLink]' started.
Test Case '-[VideoGrabTests.LinkTextTests testStopsAtChineseAfterLink]' passed (0.000 seconds).
Test Case '-[VideoGrabTests.LinkTextTests testTrimsTrailingPunctuation]' started.
Test Case '-[VideoGrabTests.LinkTextTests testTrimsTrailingPunctuation]' passed (0.000 seconds).
Test Suite 'LinkTextTests' passed at 2026-10-09 08:04:01.438.
	 Executed 14 tests, with 0 failures (0 unexpected) in 0.054 (0.340) seconds
Test Suite 'LogicTests' started at 2026-10-09 08:04:01.438.
Test Case '-[VideoGrabTests.LogicTests testAnchorCandidatesComeFromRequestURLDeepestFirst]' started.
Test Case '-[VideoGrabTests.LogicTests testAnchorCandidatesComeFromRequestURLDeepestFirst]' passed (0.011 seconds).
Test Case '-[VideoGrabTests.LogicTests testAnchorGivesUpWhenItCannotTellTwoPilesApart]' started.
Test Case '-[VideoGrabTests.LogicTests testAnchorGivesUpWhenItCannotTellTwoPilesApart]' passed (0.029 seconds).
Test Case '-[VideoGrabTests.LogicTests testAnchorGivesUpWhenNothingMatches]' started.
Test Case '-[VideoGrabTests.LogicTests testAnchorGivesUpWhenNothingMatches]' passed (0.001 seconds).
Test Case '-[VideoGrabTests.LogicTests testAnchorPicksRealSection]' started.
Test Case '-[VideoGrabTests.LogicTests testAnchorPicksRealSection]' passed (0.001 seconds).
Test Case '-[VideoGrabTests.LogicTests testParseThreeKeyPlaylist]' started.
Test Case '-[VideoGrabTests.LogicTests testParseThreeKeyPlaylist]' passed (0.218 seconds).
Test Case '-[VideoGrabTests.LogicTests testResolveLeavesAbsoluteAlone]' started.
Test Case '-[VideoGrabTests.LogicTests testResolveLeavesAbsoluteAlone]' passed (0.001 seconds).
Test Case '-[VideoGrabTests.LogicTests testResolveRelative]' started.
Test Case '-[VideoGrabTests.LogicTests testResolveRelative]' passed (0.000 seconds).
Test Case '-[VideoGrabTests.LogicTests testSanitizeEncodesBrokenPercent]' started.
Test Case '-[VideoGrabTests.LogicTests testSanitizeEncodesBrokenPercent]' passed (0.000 seconds).
Test Case '-[VideoGrabTests.LogicTests testSanitizeEncodesChineseAndSpace]' started.
Test Case '-[VideoGrabTests.LogicTests testSanitizeEncodesChineseAndSpace]' passed (0.000 seconds).
Test Case '-[VideoGrabTests.LogicTests testSanitizeEncodesHash]' started.
Test Case '-[VideoGrabTests.LogicTests testSanitizeEncodesHash]' passed (0.015 seconds).
Test Case '-[VideoGrabTests.LogicTests testSanitizeKeepsGoodURLUntouched]' started.
Test Case '-[VideoGrabTests.LogicTests testSanitizeKeepsGoodURLUntouched]' passed (0.000 seconds).
Test Case '-[VideoGrabTests.LogicTests testSanitizeKeepsQueryMark]' started.
Test Case '-[VideoGrabTests.LogicTests testSanitizeKeepsQueryMark]' passed (0.000 seconds).
Test Suite 'LogicTests' passed at 2026-10-09 08:04:01.797.
	 Executed 12 tests, with 0 failures (0 unexpected) in 0.277 (0.359) seconds
Test Suite 'MagnetStatusTests' started at 2026-10-09 08:04:01.798.
Test Case '-[VideoGrabTests.MagnetStatusTests testDefaultSelectionEmpty]' started.
Test Case '-[VideoGrabTests.MagnetStatusTests testDefaultSelectionEmpty]' passed (0.001 seconds).
Test Case '-[VideoGrabTests.MagnetStatusTests testDefaultSelectionFallsBackToBiggest]' started.
Test Case '-[VideoGrabTests.MagnetStatusTests testDefaultSelectionFallsBackToBiggest]' passed (0.006 seconds).
Test Case '-[VideoGrabTests.MagnetStatusTests testDefaultSelectionPicksAllVideos]' started.
Test Case '-[VideoGrabTests.MagnetStatusTests testDefaultSelectionPicksAllVideos]' passed (0.001 seconds).
Test Case '-[VideoGrabTests.MagnetStatusTests testEmptyFileListIsTreatedAsNoMetadata]' started.
Test Case '-[VideoGrabTests.MagnetStatusTests testEmptyFileListIsTreatedAsNoMetadata]' passed (0.000 seconds).
Test Case '-[VideoGrabTests.MagnetStatusTests testFileKindByExtension]' started.
Test Case '-[VideoGrabTests.MagnetStatusTests testFileKindByExtension]' passed (0.000 seconds).
Test Case '-[VideoGrabTests.MagnetStatusTests testFileNameIsBasename]' started.
Test Case '-[VideoGrabTests.MagnetStatusTests testFileNameIsBasename]' passed (0.000 seconds).
Test Case '-[VideoGrabTests.MagnetStatusTests testFileProgress]' started.
Test Case '-[VideoGrabTests.MagnetStatusTests testFileProgress]' passed (0.000 seconds).
Test Case '-[VideoGrabTests.MagnetStatusTests testHumanRate]' started.
Test Case '-[VideoGrabTests.MagnetStatusTests testHumanRate]' passed (0.000 seconds).
Test Case '-[VideoGrabTests.MagnetStatusTests testHumanSize]' started.
Test Case '-[VideoGrabTests.MagnetStatusTests testHumanSize]' passed (0.000 seconds).
Test Case '-[VideoGrabTests.MagnetStatusTests testNewFieldsDefaultToOptimistic]' started.
Test Case '-[VideoGrabTests.MagnetStatusTests testNewFieldsDefaultToOptimistic]' passed (0.007 seconds).
Test Case '-[VideoGrabTests.MagnetStatusTests testParseBeforeMetadata]' started.
Test Case '-[VideoGrabTests.MagnetStatusTests testParseBeforeMetadata]' passed (0.001 seconds).
Test Case '-[VideoGrabTests.MagnetStatusTests testParseFullSnapshot]' started.
Test Case '-[VideoGrabTests.MagnetStatusTests testParseFullSnapshot]' passed (0.005 seconds).
Test Case '-[VideoGrabTests.MagnetStatusTests testParsePaused]' started.
Test Case '-[VideoGrabTests.MagnetStatusTests testParsePaused]' passed (0.001 seconds).
Test Case '-[VideoGrabTests.MagnetStatusTests testParseRejectsGarbage]' started.
Test Case '-[VideoGrabTests.MagnetStatusTests testParseRejectsGarbage]' passed (0.000 seconds).
Test Case '-[VideoGrabTests.MagnetStatusTests testParsesFullDiagnosticFields]' started.
Test Case '-[VideoGrabTests.MagnetStatusTests testParsesFullDiagnosticFields]' passed (0.005 seconds).
Test Case '-[VideoGrabTests.MagnetStatusTests testStreamable]' started.
Test Case '-[VideoGrabTests.MagnetStatusTests testStreamable]' passed (0.000 seconds).
Test Case '-[VideoGrabTests.MagnetStatusTests testTotalSize]' started.
Test Case '-[VideoGrabTests.MagnetStatusTests testTotalSize]' passed (0.000 seconds).
Test Case '-[VideoGrabTests.MagnetStatusTests testUnknownStateFallsBack]' started.
Test Case '-[VideoGrabTests.MagnetStatusTests testUnknownStateFallsBack]' passed (0.000 seconds).
Test Case '-[VideoGrabTests.MagnetStatusTests testWaitReasonEngineRejected]' started.
Test Case '-[VideoGrabTests.MagnetStatusTests testWaitReasonEngineRejected]' passed (0.000 seconds).
Test Case '-[VideoGrabTests.MagnetStatusTests testWaitReasonFetching]' started.
Test Case '-[VideoGrabTests.MagnetStatusTests testWaitReasonFetching]' passed (0.000 seconds).
Test Case '-[VideoGrabTests.MagnetStatusTests testWaitReasonNoDht]' started.
Test Case '-[VideoGrabTests.MagnetStatusTests testWaitReasonNoDht]' passed (0.010 seconds).
Test Case '-[VideoGrabTests.MagnetStatusTests testWaitReasonNoPeers]' started.
Test Case '-[VideoGrabTests.MagnetStatusTests testWaitReasonNoPeers]' passed (0.000 seconds).
Test Suite 'MagnetStatusTests' passed at 2026-10-09 08:04:01.840.
	 Executed 22 tests, with 0 failures (0 unexpected) in 0.040 (0.043) seconds
Test Suite 'SiteRulesTests' started at 2026-10-09 08:04:01.840.
Test Case '-[VideoGrabTests.SiteRulesTests testAddRejectsJunkAndDuplicates]' started.
Test Case '-[VideoGrabTests.SiteRulesTests testAddRejectsJunkAndDuplicates]' passed (0.002 seconds).
Test Case '-[VideoGrabTests.SiteRulesTests testEmptyListCleansNothing]' started.
Test Case '-[VideoGrabTests.SiteRulesTests testEmptyListCleansNothing]' passed (0.000 seconds).
Test Case '-[VideoGrabTests.SiteRulesTests testHitCoversSubdomainsButNotLookalikes]' started.
Test Case '-[VideoGrabTests.SiteRulesTests testHitCoversSubdomainsButNotLookalikes]' passed (0.006 seconds).
Test Case '-[VideoGrabTests.SiteRulesTests testJsListEscapesAndJoins]' started.
Test Case '-[VideoGrabTests.SiteRulesTests testJsListEscapesAndJoins]' passed (0.000 seconds).
Test Case '-[VideoGrabTests.SiteRulesTests testNormalizeStripsSchemePathPortAndMobilePrefix]' started.
Test Case '-[VideoGrabTests.SiteRulesTests testNormalizeStripsSchemePathPortAndMobilePrefix]' passed (0.000 seconds).
Test Case '-[VideoGrabTests.SiteRulesTests testRemoveAndForgetAll]' started.
Test Case '-[VideoGrabTests.SiteRulesTests testRemoveAndForgetAll]' passed (0.002 seconds).
Test Suite 'SiteRulesTests' passed at 2026-10-09 08:04:01.853.
	 Executed 6 tests, with 0 failures (0 unexpected) in 0.011 (0.012) seconds
Test Suite 'UILayoutTests' started at 2026-10-09 08:04:01.853.
Test Case '-[VideoGrabTests.UILayoutTests testDefaultsAreClean]' started.
Test Case '-[VideoGrabTests.UILayoutTests testDefaultsAreClean]' passed (0.001 seconds).
Test Case '-[VideoGrabTests.UILayoutTests testEveryKeyHasLabel]' started.
Test Case '-[VideoGrabTests.UILayoutTests testEveryKeyHasLabel]' passed (0.001 seconds).
Test Case '-[VideoGrabTests.UILayoutTests testMoveBackwardLandsOnTargetPosition]' started.
Test Case '-[VideoGrabTests.UILayoutTests testMoveBackwardLandsOnTargetPosition]' passed (0.000 seconds).
Test Case '-[VideoGrabTests.UILayoutTests testMoveForwardLandsOnTargetPosition]' started.
Test Case '-[VideoGrabTests.UILayoutTests testMoveForwardLandsOnTargetPosition]' passed (0.000 seconds).
Test Case '-[VideoGrabTests.UILayoutTests testMoveIsNoopForSameKey]' started.
Test Case '-[VideoGrabTests.UILayoutTests testMoveIsNoopForSameKey]' passed (0.000 seconds).
Test Case '-[VideoGrabTests.UILayoutTests testMoveToFirstAndLast]' started.
Test Case '-[VideoGrabTests.UILayoutTests testMoveToFirstAndLast]' passed (0.001 seconds).
Test Case '-[VideoGrabTests.UILayoutTests testMoveWithUnknownKeyStillReturnsLegalOrder]' started.
Test Case '-[VideoGrabTests.UILayoutTests testMoveWithUnknownKeyStillReturnsLegalOrder]' passed (0.000 seconds).
Test Case '-[VideoGrabTests.UILayoutTests testParseRepairsDirtyData]' started.
Test Case '-[VideoGrabTests.UILayoutTests testParseRepairsDirtyData]' passed (0.000 seconds).
Test Case '-[VideoGrabTests.UILayoutTests testRepeatedMovesNeverLoseOrDuplicateItems]' started.
Test Case '-[VideoGrabTests.UILayoutTests testRepeatedMovesNeverLoseOrDuplicateItems]' passed (0.001 seconds).
Test Suite 'UILayoutTests' passed at 2026-10-09 08:04:01.869.
	 Executed 9 tests, with 0 failures (0 unexpected) in 0.004 (0.016) seconds
Test Suite 'UserScriptTests' started at 2026-10-09 08:04:01.879.
Test Case '-[VideoGrabTests.UserScriptTests testGlob]' started.
Test Case '-[VideoGrabTests.UserScriptTests testGlob]' passed (0.001 seconds).
Test Case '-[VideoGrabTests.UserScriptTests testLooksValid]' started.
Test Case '-[VideoGrabTests.UserScriptTests testLooksValid]' passed (0.000 seconds).
Test Case '-[VideoGrabTests.UserScriptTests testMatchEverywhere]' started.
Test Case '-[VideoGrabTests.UserScriptTests testMatchEverywhere]' passed (0.000 seconds).
Test Case '-[VideoGrabTests.UserScriptTests testMatchHostExactDoesNotCoverSubdomain]' started.
Test Case '-[VideoGrabTests.UserScriptTests testMatchHostExactDoesNotCoverSubdomain]' passed (0.001 seconds).
Test Case '-[VideoGrabTests.UserScriptTests testMatchIsCaseInsensitiveOnHostAndScheme]' started.
Test Case '-[VideoGrabTests.UserScriptTests testMatchIsCaseInsensitiveOnHostAndScheme]' passed (0.001 seconds).
Test Case '-[VideoGrabTests.UserScriptTests testMatchPathAndQuery]' started.
Test Case '-[VideoGrabTests.UserScriptTests testMatchPathAndQuery]' passed (0.000 seconds).
Test Case '-[VideoGrabTests.UserScriptTests testMatchSchemeMustAgree]' started.
Test Case '-[VideoGrabTests.UserScriptTests testMatchSchemeMustAgree]' passed (0.000 seconds).
Test Case '-[VideoGrabTests.UserScriptTests testMatchWildcardHostCoversSelfAndSubdomain]' started.
Test Case '-[VideoGrabTests.UserScriptTests testMatchWildcardHostCoversSelfAndSubdomain]' passed (0.000 seconds).
Test Case '-[VideoGrabTests.UserScriptTests testParseAllowsMultipleMatchesAndMissingName]' started.
Test Case '-[VideoGrabTests.UserScriptTests testParseAllowsMultipleMatchesAndMissingName]' passed (0.008 seconds).
Test Case '-[VideoGrabTests.UserScriptTests testParseStandardHeader]' started.
Test Case '-[VideoGrabTests.UserScriptTests testParseStandardHeader]' passed (0.002 seconds).
Test Case '-[VideoGrabTests.UserScriptTests testParseStopsAtRealCode]' started.
Test Case '-[VideoGrabTests.UserScriptTests testParseStopsAtRealCode]' passed (0.000 seconds).
Test Case '-[VideoGrabTests.UserScriptTests testParseToleratesCrlfBomAndCase]' started.
Test Case '-[VideoGrabTests.UserScriptTests testParseToleratesCrlfBomAndCase]' passed (0.000 seconds).
Test Case '-[VideoGrabTests.UserScriptTests testScopeText]' started.
Test Case '-[VideoGrabTests.UserScriptTests testScopeText]' passed (0.000 seconds).
Test Suite 'UserScriptTests' passed at 2026-10-09 08:04:01.901.
	 Executed 13 tests, with 0 failures (0 unexpected) in 0.015 (0.022) seconds
Test Suite 'VideoGrabTests.xctest' passed at 2026-10-09 08:04:01.936.
	 Executed 117 tests, with 0 failures (0 unexpected) in 2.230 (3.194) seconds
Test Suite 'All tests' passed at 2026-10-09 08:04:01.937.
	 Executed 117 tests, with 0 failures (0 unexpected) in 2.230 (3.195) seconds
2026-10-09 08:04:02.304 xcodebuild[37542:90195] [MT] IDETestOperationsObserverDebug: 29.736 elapsed -- Testing started completed.
2026-10-09 08:04:02.304 xcodebuild[37542:90195] [MT] IDETestOperationsObserverDebug: 0.000 sec, +0.000 sec -- start
2026-10-09 08:04:02.304 xcodebuild[37542:90195] [MT] IDETestOperationsObserverDebug: 29.736 sec, +29.736 sec -- end

Test session results, code coverage, and logs:
	/Users/runner/Library/Developer/Xcode/DerivedData/VideoGrab-ektszpefytmtzvfduuvmogrbmoyt/Logs/Test/Test-VideoGrabTests-2026.10.09_08-03-20-+0000.xcresult

** TEST SUCCEEDED **

Testing started
Command line invocation:
    /Applications/Xcode_15.4.app/Contents/Developer/usr/bin/xcodebuild -project VideoGrab.xcodeproj -scheme VideoGrab -sdk iphoneos -configuration Release -derivedDataPath build MARKETING_VERSION=1.0.250 CURRENT_PROJECT_VERSION=250 CODE_SIGNING_ALLOWED=NO CODE_SIGNING_REQUIRED=NO CODE_SIGN_IDENTITY= CODE_SIGN_ENTITLEMENTS= build

User defaults from command line:
    IDEDerivedDataPathOverride = /Users/runner/work/video-grab/video-grab/build
    IDEPackageSupportUseBuiltinSCM = YES

Build settings from command line:
    CODE_SIGN_ENTITLEMENTS = 
    CODE_SIGN_IDENTITY = 
    CODE_SIGNING_ALLOWED = NO
    CODE_SIGNING_REQUIRED = NO
    CURRENT_PROJECT_VERSION = 250
    MARKETING_VERSION = 1.0.250
    SDKROOT = iphoneos17.5

--- xcodebuild: WARNING: Using the first of multiple matching destinations:
{ platform:iOS, id:dvtdevice-DVTiPhonePlaceholder-iphoneos:placeholder, name:Any iOS Device }
{ platform:macOS, arch:arm64, variant:Designed for [iPad,iPhone], id:0000FE00-7CCC9802DA488B9F, name:My Mac }
{ platform:iOS Simulator, id:dvtdevice-DVTiOSDeviceSimulatorPlaceholder-iphonesimulator:placeholder, name:Any iOS Simulator Device }
Prepare packages

note: Using codesigning identity override: 
ComputeTargetDependencyGraph
note: Building targets in dependency order
note: Target dependency graph (1 target)
    Target 'VideoGrab' in project 'VideoGrab' (no dependencies)

GatherProvisioningInputs

CreateBuildDescription

ExecuteExternalTool /Applications/Xcode_15.4.app/Contents/Developer/Toolchains/XcodeDefault.xctoolchain/usr/bin/clang -v -E -dM -arch arm64 -isysroot /Applications/Xcode_15.4.app/Contents/Developer/Platforms/iPhoneOS.platform/Developer/SDKs/iPhoneOS17.5.sdk -x objective-c -c /dev/null

ExecuteExternalTool /Applications/Xcode_15.4.app/Contents/Developer/Toolchains/XcodeDefault.xctoolchain/usr/bin/clang -v -E -dM -isysroot /Applications/Xcode_15.4.app/Contents/Developer/Platforms/iPhoneOS.platform/Developer/SDKs/iPhoneOS17.5.sdk -x c -c /dev/null

ExecuteExternalTool /Applications/Xcode_15.4.app/Contents/Developer/usr/bin/actool --print-asset-tag-combinations --output-format xml1 /Users/runner/work/video-grab/video-grab/app/Assets.xcassets

ExecuteExternalTool /Applications/Xcode_15.4.app/Contents/Developer/usr/bin/actool --version --output-format xml1

ExecuteExternalTool /Applications/Xcode_15.4.app/Contents/Developer/Toolchains/XcodeDefault.xctoolchain/usr/bin/swiftc -v

ExecuteExternalTool /Applications/Xcode_15.4.app/Contents/Developer/Toolchains/XcodeDefault.xctoolchain/usr/bin/clang -v -E -dM -arch arm64 -isysroot /Applications/Xcode_15.4.app/Contents/Developer/Platforms/iPhoneOS.platform/Developer/SDKs/iPhoneOS17.5.sdk -x c -c /dev/null

ExecuteExternalTool /Applications/Xcode_15.4.app/Contents/Developer/Toolchains/XcodeDefault.xctoolchain/usr/bin/ld -version_details

Build description signature: 0c600c5df605d5cb106e044e64329c50
Build description path: /Users/runner/work/video-grab/video-grab/build/Build/Intermediates.noindex/XCBuildData/0c600c5df605d5cb106e044e64329c50.xcbuilddata
CreateBuildDirectory /Users/runner/work/video-grab/video-grab/build/Build/Products
    cd /Users/runner/work/video-grab/video-grab/VideoGrab.xcodeproj
    builtin-create-build-directory /Users/runner/work/video-grab/video-grab/build/Build/Products

CreateBuildDirectory /Users/runner/work/video-grab/video-grab/build/Build/Intermediates.noindex
    cd /Users/runner/work/video-grab/video-grab/VideoGrab.xcodeproj
    builtin-create-build-directory /Users/runner/work/video-grab/video-grab/build/Build/Intermediates.noindex

ClangStatCache /Applications/Xcode_15.4.app/Contents/Developer/Toolchains/XcodeDefault.xctoolchain/usr/bin/clang-stat-cache /Applications/Xcode_15.4.app/Contents/Developer/Platforms/iPhoneOS.platform/Developer/SDKs/iPhoneOS17.5.sdk /Users/runner/work/video-grab/video-grab/build/SDKStatCaches.noindex/iphoneos17.5-21F77-f0fa7969d082b13145125136a829df3a.sdkstatcache
    cd /Users/runner/work/video-grab/video-grab/VideoGrab.xcodeproj
    /Applications/Xcode_15.4.app/Contents/Developer/Toolchains/XcodeDefault.xctoolchain/usr/bin/clang-stat-cache /Applications/Xcode_15.4.app/Contents/Developer/Platforms/iPhoneOS.platform/Developer/SDKs/iPhoneOS17.5.sdk -o /Users/runner/work/video-grab/video-grab/build/SDKStatCaches.noindex/iphoneos17.5-21F77-f0fa7969d082b13145125136a829df3a.sdkstatcache

CreateBuildDirectory /Users/runner/work/video-grab/video-grab/build/Build/Products/Release-iphoneos
    cd /Users/runner/work/video-grab/video-grab/VideoGrab.xcodeproj
    builtin-create-build-directory /Users/runner/work/video-grab/video-grab/build/Build/Products/Release-iphoneos

CreateBuildDirectory /Users/runner/work/video-grab/video-grab/build/Build/Intermediates.noindex/EagerLinkingTBDs/Release-iphoneos
    cd /Users/runner/work/video-grab/video-grab/VideoGrab.xcodeproj
    builtin-create-build-directory /Users/runner/work/video-grab/video-grab/build/Build/Intermediates.noindex/EagerLinkingTBDs/Release-iphoneos

MkDir /Users/runner/work/video-grab/video-grab/build/Build/Products/Release-iphoneos/VideoGrab.app (in target 'VideoGrab' from project 'VideoGrab')
    cd /Users/runner/work/video-grab/video-grab
    /bin/mkdir -p /Users/runner/work/video-grab/video-grab/build/Build/Products/Release-iphoneos/VideoGrab.app

WriteAuxiliaryFile /Users/runner/work/video-grab/video-grab/build/Build/Intermediates.noindex/VideoGrab.build/Release-iphoneos/VideoGrab.build/all-product-headers.yaml (in target 'VideoGrab' from project 'VideoGrab')
    cd /Users/runner/work/video-grab/video-grab
    write-file /Users/runner/work/video-grab/video-grab/build/Build/Intermediates.noindex/VideoGrab.build/Release-iphoneos/VideoGrab.build/all-product-headers.yaml

WriteAuxiliaryFile /Users/runner/work/video-grab/video-grab/build/Build/Intermediates.noindex/VideoGrab.build/Release-iphoneos/VideoGrab.build/VideoGrab.hmap (in target 'VideoGrab' from project 'VideoGrab')
    cd /Users/runner/work/video-grab/video-grab
    write-file /Users/runner/work/video-grab/video-grab/build/Build/Intermediates.noindex/VideoGrab.build/Release-iphoneos/VideoGrab.build/VideoGrab.hmap

WriteAuxiliaryFile /Users/runner/work/video-grab/video-grab/build/Build/Intermediates.noindex/VideoGrab.build/Release-iphoneos/VideoGrab.build/VideoGrab-project-headers.hmap (in target 'VideoGrab' from project 'VideoGrab')
    cd /Users/runner/work/video-grab/video-grab
    write-file /Users/runner/work/video-grab/video-grab/build/Build/Intermediates.noindex/VideoGrab.build/Release-iphoneos/VideoGrab.build/VideoGrab-project-headers.hmap

WriteAuxiliaryFile /Users/runner/work/video-grab/video-grab/build/Build/Intermediates.noindex/VideoGrab.build/Release-iphoneos/VideoGrab.build/VideoGrab-own-target-headers.hmap (in target 'VideoGrab' from project 'VideoGrab')
    cd /Users/runner/work/video-grab/video-grab
    write-file /Users/runner/work/video-grab/video-grab/build/Build/Intermediates.noindex/VideoGrab.build/Release-iphoneos/VideoGrab.build/VideoGrab-own-target-headers.hmap

WriteAuxiliaryFile /Users/runner/work/video-grab/video-grab/build/Build/Intermediates.noindex/VideoGrab.build/Release-iphoneos/VideoGrab.build/VideoGrab-generated-files.hmap (in target 'VideoGrab' from project 'VideoGrab')
    cd /Users/runner/work/video-grab/video-grab
    write-file /Users/runner/work/video-grab/video-grab/build/Build/Intermediates.noindex/VideoGrab.build/Release-iphoneos/VideoGrab.build/VideoGrab-generated-files.hmap

WriteAuxiliaryFile /Users/runner/work/video-grab/video-grab/build/Build/Intermediates.noindex/VideoGrab.build/Release-iphoneos/VideoGrab.build/VideoGrab-all-target-headers.hmap (in target 'VideoGrab' from project 'VideoGrab')
    cd /Users/runner/work/video-grab/video-grab
    write-file /Users/runner/work/video-grab/video-grab/build/Build/Intermediates.noindex/VideoGrab.build/Release-iphoneos/VideoGrab.build/VideoGrab-all-target-headers.hmap

WriteAuxiliaryFile /Users/runner/work/video-grab/video-grab/build/Build/Intermediates.noindex/VideoGrab.build/Release-iphoneos/VideoGrab.build/VideoGrab-all-non-framework-target-headers.hmap (in target 'VideoGrab' from project 'VideoGrab')
    cd /Users/runner/work/video-grab/video-grab
    write-file /Users/runner/work/video-grab/video-grab/build/Build/Intermediates.noindex/VideoGrab.build/Release-iphoneos/VideoGrab.build/VideoGrab-all-non-framework-target-headers.hmap

WriteAuxiliaryFile /Users/runner/work/video-grab/video-grab/build/Build/Intermediates.noindex/VideoGrab.build/Release-iphoneos/VideoGrab.build/Objects-normal/arm64/VideoGrab.LinkFileList (in target 'VideoGrab' from project 'VideoGrab')
    cd /Users/runner/work/video-grab/video-grab
    write-file /Users/runner/work/video-grab/video-grab/build/Build/Intermediates.noindex/VideoGrab.build/Release-iphoneos/VideoGrab.build/Objects-normal/arm64/VideoGrab.LinkFileList

WriteAuxiliaryFile /Users/runner/work/video-grab/video-grab/build/Build/Intermediates.noindex/VideoGrab.build/Release-iphoneos/VideoGrab.build/Objects-normal/arm64/e6072d4f65d7061329687fe24e3d63a7-common-args.resp (in target 'VideoGrab' from project 'VideoGrab')
    cd /Users/runner/work/video-grab/video-grab
    write-file /Users/runner/work/video-grab/video-grab/build/Build/Intermediates.noindex/VideoGrab.build/Release-iphoneos/VideoGrab.build/Objects-normal/arm64/e6072d4f65d7061329687fe24e3d63a7-common-args.resp
-target arm64-apple-ios15.0 '-std=gnu11' -fobjc-arc -fobjc-weak -fmodules -gmodules '-fmodules-cache-path=/Users/runner/work/video-grab/video-grab/build/ModuleCache.noindex' -fpascal-strings -Os -fno-common '-DNS_BLOCK_ASSERTIONS=1' '-DOBJC_OLD_DISPATCH_PROTOTYPES=0' -isysroot /Applications/Xcode_15.4.app/Contents/Developer/Platforms/iPhoneOS.platform/Developer/SDKs/iPhoneOS17.5.sdk -g '-fvisibility=hidden' -iquote /Users/runner/work/video-grab/video-grab/build/Build/Intermediates.noindex/VideoGrab.build/Release-iphoneos/VideoGrab.build/VideoGrab-generated-files.hmap -I/Users/runner/work/video-grab/video-grab/build/Build/Intermediates.noindex/VideoGrab.build/Release-iphoneos/VideoGrab.build/VideoGrab-own-target-headers.hmap -I/Users/runner/work/video-grab/video-grab/build/Build/Intermediates.noindex/VideoGrab.build/Release-iphoneos/VideoGrab.build/VideoGrab-all-target-headers.hmap -iquote /Users/runner/work/video-grab/video-grab/build/Build/Intermediates.noindex/VideoGrab.build/Release-iphoneos/VideoGrab.build/VideoGrab-project-headers.hmap -I/Users/runner/work/video-grab/video-grab/build/Build/Products/Release-iphoneos/include -I/Users/runner/work/video-grab/video-grab/vendor/ltbridge -I/Users/runner/work/video-grab/video-grab/build/Build/Intermediates.noindex/VideoGrab.build/Release-iphoneos/VideoGrab.build/DerivedSources-normal/arm64 -I/Users/runner/work/video-grab/video-grab/build/Build/Intermediates.noindex/VideoGrab.build/Release-iphoneos/VideoGrab.build/DerivedSources/arm64 -I/Users/runner/work/video-grab/video-grab/build/Build/Intermediates.noindex/VideoGrab.build/Release-iphoneos/VideoGrab.build/DerivedSources -F/Users/runner/work/video-grab/video-grab/build/Build/Products/Release-iphoneos

WriteAuxiliaryFile /Users/runner/work/video-grab/video-grab/build/Build/Intermediates.noindex/VideoGrab.build/Release-iphoneos/VideoGrab.build/Objects-normal/arm64/VideoGrab_const_extract_protocols.json (in target 'VideoGrab' from project 'VideoGrab')
    cd /Users/runner/work/video-grab/video-grab
    write-file /Users/runner/work/video-grab/video-grab/build/Build/Intermediates.noindex/VideoGrab.build/Release-iphoneos/VideoGrab.build/Objects-normal/arm64/VideoGrab_const_extract_protocols.json

WriteAuxiliaryFile /Users/runner/work/video-grab/video-grab/build/Build/Intermediates.noindex/VideoGrab.build/Release-iphoneos/VideoGrab.build/Objects-normal/arm64/VideoGrab.SwiftFileList (in target 'VideoGrab' from project 'VideoGrab')
    cd /Users/runner/work/video-grab/video-grab
    write-file /Users/runner/work/video-grab/video-grab/build/Build/Intermediates.noindex/VideoGrab.build/Release-iphoneos/VideoGrab.build/Objects-normal/arm64/VideoGrab.SwiftFileList

WriteAuxiliaryFile /Users/runner/work/video-grab/video-grab/build/Build/Intermediates.noindex/VideoGrab.build/Release-iphoneos/VideoGrab.build/Objects-normal/arm64/VideoGrab-OutputFileMap.json (in target 'VideoGrab' from project 'VideoGrab')
    cd /Users/runner/work/video-grab/video-grab
    write-file /Users/runner/work/video-grab/video-grab/build/Build/Intermediates.noindex/VideoGrab.build/Release-iphoneos/VideoGrab.build/Objects-normal/arm64/VideoGrab-OutputFileMap.json

GenerateAssetSymbols /Users/runner/work/video-grab/video-grab/app/Assets.xcassets (in target 'VideoGrab' from project 'VideoGrab')
    cd /Users/runner/work/video-grab/video-grab
    /Applications/Xcode_15.4.app/Contents/Developer/usr/bin/actool --output-format human-readable-text --notices --warnings --export-dependency-info /Users/runner/work/video-grab/video-grab/build/Build/Intermediates.noindex/VideoGrab.build/Release-iphoneos/VideoGrab.build/assetcatalog_dependencies --output-partial-info-plist /Users/runner/work/video-grab/video-grab/build/Build/Intermediates.noindex/VideoGrab.build/Release-iphoneos/VideoGrab.build/assetcatalog_generated_info.plist --app-icon AppIcon --compress-pngs --enable-on-demand-resources YES --development-region en --target-device iphone --target-device ipad --minimum-deployment-target 15.0 --platform iphoneos --compile /Users/runner/work/video-grab/video-grab/build/Build/Products/Release-iphoneos/VideoGrab.app /Users/runner/work/video-grab/video-grab/app/Assets.xcassets --bundle-identifier com.videograb.app --generate-swift-asset-symbol-extensions NO --generate-swift-asset-symbols /Users/runner/work/video-grab/video-grab/build/Build/Intermediates.noindex/VideoGrab.build/Release-iphoneos/VideoGrab.build/DerivedSources/GeneratedAssetSymbols.swift --generate-objc-asset-symbols /Users/runner/work/video-grab/video-grab/build/Build/Intermediates.noindex/VideoGrab.build/Release-iphoneos/VideoGrab.build/DerivedSources/GeneratedAssetSymbols.h --generate-asset-symbol-index /Users/runner/work/video-grab/video-grab/build/Build/Intermediates.noindex/VideoGrab.build/Release-iphoneos/VideoGrab.build/DerivedSources/GeneratedAssetSymbols-Index.plist
/* com.apple.actool.compilation-results */
/Users/runner/work/video-grab/video-grab/build/Build/Intermediates.noindex/VideoGrab.build/Release-iphoneos/VideoGrab.build/DerivedSources/GeneratedAssetSymbols-Index.plist
/Users/runner/work/video-grab/video-grab/build/Build/Intermediates.noindex/VideoGrab.build/Release-iphoneos/VideoGrab.build/DerivedSources/GeneratedAssetSymbols.h
/Users/runner/work/video-grab/video-grab/build/Build/Intermediates.noindex/VideoGrab.build/Release-iphoneos/VideoGrab.build/DerivedSources/GeneratedAssetSymbols.swift


CpResource /Users/runner/work/video-grab/video-grab/build/Build/Products/Release-iphoneos/VideoGrab.app/userscript-autoplay.js /Users/runner/work/video-grab/video-grab/resources/userscript-autoplay.js (in target 'VideoGrab' from project 'VideoGrab')
    cd /Users/runner/work/video-grab/video-grab
    builtin-copy -exclude .DS_Store -exclude CVS -exclude .svn -exclude .git -exclude .hg -resolve-src-symlinks /Users/runner/work/video-grab/video-grab/resources/userscript-autoplay.js /Users/runner/work/video-grab/video-grab/build/Build/Products/Release-iphoneos/VideoGrab.app

CpResource /Users/runner/work/video-grab/video-grab/build/Build/Products/Release-iphoneos/VideoGrab.app/sniffer.js /Users/runner/work/video-grab/video-grab/resources/sniffer.js (in target 'VideoGrab' from project 'VideoGrab')
    cd /Users/runner/work/video-grab/video-grab
    builtin-copy -exclude .DS_Store -exclude CVS -exclude .svn -exclude .git -exclude .hg -resolve-src-symlinks /Users/runner/work/video-grab/video-grab/resources/sniffer.js /Users/runner/work/video-grab/video-grab/build/Build/Products/Release-iphoneos/VideoGrab.app

CpResource /Users/runner/work/video-grab/video-grab/build/Build/Products/Release-iphoneos/VideoGrab.app/cleaner.js /Users/runner/work/video-grab/video-grab/resources/cleaner.js (in target 'VideoGrab' from project 'VideoGrab')
    cd /Users/runner/work/video-grab/video-grab
    builtin-copy -exclude .DS_Store -exclude CVS -exclude .svn -exclude .git -exclude .hg -resolve-src-symlinks /Users/runner/work/video-grab/video-grab/resources/cleaner.js /Users/runner/work/video-grab/video-grab/build/Build/Products/Release-iphoneos/VideoGrab.app

CompileAssetCatalog /Users/runner/work/video-grab/video-grab/build/Build/Products/Release-iphoneos/VideoGrab.app /Users/runner/work/video-grab/video-grab/app/Assets.xcassets (in target 'VideoGrab' from project 'VideoGrab')
    cd /Users/runner/work/video-grab/video-grab
    /Applications/Xcode_15.4.app/Contents/Developer/usr/bin/actool --output-format human-readable-text --notices --warnings --export-dependency-info /Users/runner/work/video-grab/video-grab/build/Build/Intermediates.noindex/VideoGrab.build/Release-iphoneos/VideoGrab.build/assetcatalog_dependencies --output-partial-info-plist /Users/runner/work/video-grab/video-grab/build/Build/Intermediates.noindex/VideoGrab.build/Release-iphoneos/VideoGrab.build/assetcatalog_generated_info.plist --app-icon AppIcon --compress-pngs --enable-on-demand-resources YES --development-region en --target-device iphone --target-device ipad --minimum-deployment-target 15.0 --platform iphoneos --compile /Users/runner/work/video-grab/video-grab/build/Build/Products/Release-iphoneos/VideoGrab.app /Users/runner/work/video-grab/video-grab/app/Assets.xcassets
/* com.apple.actool.document.notices */
/Users/runner/work/video-grab/video-grab/app/Assets.xcassets:./AppIcon.appiconset/[][ipad][76x76][][][1x][][][]: notice: 76x76@1x app icons only apply to iPad apps targeting releases of iOS prior to 10.0.
/* com.apple.actool.compilation-results */
/Users/runner/work/video-grab/video-grab/build/Build/Intermediates.noindex/VideoGrab.build/Release-iphoneos/VideoGrab.build/assetcatalog_generated_info.plist
/Users/runner/work/video-grab/video-grab/build/Build/Products/Release-iphoneos/VideoGrab.app/AppIcon60x60@2x.png
/Users/runner/work/video-grab/video-grab/build/Build/Products/Release-iphoneos/VideoGrab.app/AppIcon76x76@2x~ipad.png
/Users/runner/work/video-grab/video-grab/build/Build/Products/Release-iphoneos/VideoGrab.app/Assets.car


SwiftDriver VideoGrab normal arm64 com.apple.xcode.tools.swift.compiler (in target 'VideoGrab' from project 'VideoGrab')
    cd /Users/runner/work/video-grab/video-grab
    builtin-SwiftDriver -- /Applications/Xcode_15.4.app/Contents/Developer/Toolchains/XcodeDefault.xctoolchain/usr/bin/swiftc -module-name VideoGrab -O -whole-module-optimization -enforce-exclusivity\=checked @/Users/runner/work/video-grab/video-grab/build/Build/Intermediates.noindex/VideoGrab.build/Release-iphoneos/VideoGrab.build/Objects-normal/arm64/VideoGrab.SwiftFileList -sdk /Applications/Xcode_15.4.app/Contents/Developer/Platforms/iPhoneOS.platform/Developer/SDKs/iPhoneOS17.5.sdk -target arm64-apple-ios15.0 -enable-bare-slash-regex -g -module-cache-path /Users/runner/work/video-grab/video-grab/build/ModuleCache.noindex -Xfrontend -serialize-debugging-options -swift-version 5 -I /Users/runner/work/video-grab/video-grab/build/Build/Products/Release-iphoneos -F /Users/runner/work/video-grab/video-grab/build/Build/Products/Release-iphoneos -c -num-threads 3 -Xcc -ivfsstatcache -Xcc /Users/runner/work/video-grab/video-grab/build/SDKStatCaches.noindex/iphoneos17.5-21F77-f0fa7969d082b13145125136a829df3a.sdkstatcache -output-file-map /Users/runner/work/video-grab/video-grab/build/Build/Intermediates.noindex/VideoGrab.build/Release-iphoneos/VideoGrab.build/Objects-normal/arm64/VideoGrab-OutputFileMap.json -use-frontend-parseable-output -save-temps -no-color-diagnostics -serialize-diagnostics -emit-dependencies -emit-module -emit-module-path /Users/runner/work/video-grab/video-grab/build/Build/Intermediates.noindex/VideoGrab.build/Release-iphoneos/VideoGrab.build/Objects-normal/arm64/VideoGrab.swiftmodule -validate-clang-modules-once -clang-build-session-file /Users/runner/work/video-grab/video-grab/build/ModuleCache.noindex/Session.modulevalidation -Xcc -I/Users/runner/work/video-grab/video-grab/build/Build/Intermediates.noindex/VideoGrab.build/Release-iphoneos/VideoGrab.build/swift-overrides.hmap -emit-const-values -Xfrontend -const-gather-protocols-file -Xfrontend /Users/runner/work/video-grab/video-grab/build/Build/Intermediates.noindex/VideoGrab.build/Release-iphoneos/VideoGrab.build/Objects-normal/arm64/VideoGrab_const_extract_protocols.json -Xcc -iquote -Xcc /Users/runner/work/video-grab/video-grab/build/Build/Intermediates.noindex/VideoGrab.build/Release-iphoneos/VideoGrab.build/VideoGrab-generated-files.hmap -Xcc -I/Users/runner/work/video-grab/video-grab/build/Build/Intermediates.noindex/VideoGrab.build/Release-iphoneos/VideoGrab.build/VideoGrab-own-target-headers.hmap -Xcc -I/Users/runner/work/video-grab/video-grab/build/Build/Intermediates.noindex/VideoGrab.build/Release-iphoneos/VideoGrab.build/VideoGrab-all-target-headers.hmap -Xcc -iquote -Xcc /Users/runner/work/video-grab/video-grab/build/Build/Intermediates.noindex/VideoGrab.build/Release-iphoneos/VideoGrab.build/VideoGrab-project-headers.hmap -Xcc -I/Users/runner/work/video-grab/video-grab/build/Build/Products/Release-iphoneos/include -Xcc -I/Users/runner/work/video-grab/video-grab/vendor/ltbridge -Xcc -I/Users/runner/work/video-grab/video-grab/build/Build/Intermediates.noindex/VideoGrab.build/Release-iphoneos/VideoGrab.build/DerivedSources-normal/arm64 -Xcc -I/Users/runner/work/video-grab/video-grab/build/Build/Intermediates.noindex/VideoGrab.build/Release-iphoneos/VideoGrab.build/DerivedSources/arm64 -Xcc -I/Users/runner/work/video-grab/video-grab/build/Build/Intermediates.noindex/VideoGrab.build/Release-iphoneos/VideoGrab.build/DerivedSources -emit-objc-header -emit-objc-header-path /Users/runner/work/video-grab/video-grab/build/Build/Intermediates.noindex/VideoGrab.build/Release-iphoneos/VideoGrab.build/Objects-normal/arm64/VideoGrab-Swift.h -import-objc-header /Users/runner/work/video-grab/video-grab/app/VideoGrab-Bridging-Header.h -pch-output-dir /Users/runner/work/video-grab/video-grab/build/Build/Intermediates.noindex/PrecompiledHeaders -working-directory /Users/runner/work/video-grab/video-grab -no-emit-module-separately-wmo

SwiftDriver\ Compilation VideoGrab normal arm64 com.apple.xcode.tools.swift.compiler (in target 'VideoGrab' from project 'VideoGrab')
    cd /Users/runner/work/video-grab/video-grab
    builtin-Swift-Compilation -- /Applications/Xcode_15.4.app/Contents/Developer/Toolchains/XcodeDefault.xctoolchain/usr/bin/swiftc -module-name VideoGrab -O -whole-module-optimization -enforce-exclusivity\=checked @/Users/runner/work/video-grab/video-grab/build/Build/Intermediates.noindex/VideoGrab.build/Release-iphoneos/VideoGrab.build/Objects-normal/arm64/VideoGrab.SwiftFileList -sdk /Applications/Xcode_15.4.app/Contents/Developer/Platforms/iPhoneOS.platform/Developer/SDKs/iPhoneOS17.5.sdk -target arm64-apple-ios15.0 -enable-bare-slash-regex -g -module-cache-path /Users/runner/work/video-grab/video-grab/build/ModuleCache.noindex -Xfrontend -serialize-debugging-options -swift-version 5 -I /Users/runner/work/video-grab/video-grab/build/Build/Products/Release-iphoneos -F /Users/runner/work/video-grab/video-grab/build/Build/Products/Release-iphoneos -c -num-threads 3 -Xcc -ivfsstatcache -Xcc /Users/runner/work/video-grab/video-grab/build/SDKStatCaches.noindex/iphoneos17.5-21F77-f0fa7969d082b13145125136a829df3a.sdkstatcache -output-file-map /Users/runner/work/video-grab/video-grab/build/Build/Intermediates.noindex/VideoGrab.build/Release-iphoneos/VideoGrab.build/Objects-normal/arm64/VideoGrab-OutputFileMap.json -use-frontend-parseable-output -save-temps -no-color-diagnostics -serialize-diagnostics -emit-dependencies -emit-module -emit-module-path /Users/runner/work/video-grab/video-grab/build/Build/Intermediates.noindex/VideoGrab.build/Release-iphoneos/VideoGrab.build/Objects-normal/arm64/VideoGrab.swiftmodule -validate-clang-modules-once -clang-build-session-file /Users/runner/work/video-grab/video-grab/build/ModuleCache.noindex/Session.modulevalidation -Xcc -I/Users/runner/work/video-grab/video-grab/build/Build/Intermediates.noindex/VideoGrab.build/Release-iphoneos/VideoGrab.build/swift-overrides.hmap -emit-const-values -Xfrontend -const-gather-protocols-file -Xfrontend /Users/runner/work/video-grab/video-grab/build/Build/Intermediates.noindex/VideoGrab.build/Release-iphoneos/VideoGrab.build/Objects-normal/arm64/VideoGrab_const_extract_protocols.json -Xcc -iquote -Xcc /Users/runner/work/video-grab/video-grab/build/Build/Intermediates.noindex/VideoGrab.build/Release-iphoneos/VideoGrab.build/VideoGrab-generated-files.hmap -Xcc -I/Users/runner/work/video-grab/video-grab/build/Build/Intermediates.noindex/VideoGrab.build/Release-iphoneos/VideoGrab.build/VideoGrab-own-target-headers.hmap -Xcc -I/Users/runner/work/video-grab/video-grab/build/Build/Intermediates.noindex/VideoGrab.build/Release-iphoneos/VideoGrab.build/VideoGrab-all-target-headers.hmap -Xcc -iquote -Xcc /Users/runner/work/video-grab/video-grab/build/Build/Intermediates.noindex/VideoGrab.build/Release-iphoneos/VideoGrab.build/VideoGrab-project-headers.hmap -Xcc -I/Users/runner/work/video-grab/video-grab/build/Build/Products/Release-iphoneos/include -Xcc -I/Users/runner/work/video-grab/video-grab/vendor/ltbridge -Xcc -I/Users/runner/work/video-grab/video-grab/build/Build/Intermediates.noindex/VideoGrab.build/Release-iphoneos/VideoGrab.build/DerivedSources-normal/arm64 -Xcc -I/Users/runner/work/video-grab/video-grab/build/Build/Intermediates.noindex/VideoGrab.build/Release-iphoneos/VideoGrab.build/DerivedSources/arm64 -Xcc -I/Users/runner/work/video-grab/video-grab/build/Build/Intermediates.noindex/VideoGrab.build/Release-iphoneos/VideoGrab.build/DerivedSources -emit-objc-header -emit-objc-header-path /Users/runner/work/video-grab/video-grab/build/Build/Intermediates.noindex/VideoGrab.build/Release-iphoneos/VideoGrab.build/Objects-normal/arm64/VideoGrab-Swift.h -import-objc-header /Users/runner/work/video-grab/video-grab/app/VideoGrab-Bridging-Header.h -pch-output-dir /Users/runner/work/video-grab/video-grab/build/Build/Intermediates.noindex/PrecompiledHeaders -working-directory /Users/runner/work/video-grab/video-grab -no-emit-module-separately-wmo

SwiftGeneratePch normal arm64 Compiling\ bridging\ header (in target 'VideoGrab' from project 'VideoGrab')
    cd /Users/runner/work/video-grab/video-grab
    builtin-swiftTaskExecution -- /Applications/Xcode_15.4.app/Contents/Developer/Toolchains/XcodeDefault.xctoolchain/usr/bin/swift-frontend -frontend -target arm64-apple-ios15.0 -Xllvm -aarch64-use-tbi -enable-objc-interop -stack-check -sdk /Applications/Xcode_15.4.app/Contents/Developer/Platforms/iPhoneOS.platform/Developer/SDKs/iPhoneOS17.5.sdk -I /Users/runner/work/video-grab/video-grab/build/Build/Products/Release-iphoneos -F /Users/runner/work/video-grab/video-grab/build/Build/Products/Release-iphoneos -no-color-diagnostics -g -module-cache-path /Users/runner/work/video-grab/video-grab/build/ModuleCache.noindex -swift-version 5 -enforce-exclusivity\=checked -O -serialize-debugging-options -const-gather-protocols-file /Users/runner/work/video-grab/video-grab/build/Build/Intermediates.noindex/VideoGrab.build/Release-iphoneos/VideoGrab.build/Objects-normal/arm64/VideoGrab_const_extract_protocols.json -enable-bare-slash-regex -empty-abi-descriptor -validate-clang-modules-once -clang-build-session-file /Users/runner/work/video-grab/video-grab/build/ModuleCache.noindex/Session.modulevalidation -Xcc -working-directory -Xcc /Users/runner/work/video-grab/video-grab -resource-dir /Applications/Xcode_15.4.app/Contents/Developer/Toolchains/XcodeDefault.xctoolchain/usr/lib/swift -Xcc -ivfsstatcache -Xcc /Users/runner/work/video-grab/video-grab/build/SDKStatCaches.noindex/iphoneos17.5-21F77-f0fa7969d082b13145125136a829df3a.sdkstatcache -Xcc -I/Users/runner/work/video-grab/video-grab/build/Build/Intermediates.noindex/VideoGrab.build/Release-iphoneos/VideoGrab.build/swift-overrides.hmap -Xcc -iquote -Xcc /Users/runner/work/video-grab/video-grab/build/Build/Intermediates.noindex/VideoGrab.build/Release-iphoneos/VideoGrab.build/VideoGrab-generated-files.hmap -Xcc -I/Users/runner/work/video-grab/video-grab/build/Build/Intermediates.noindex/VideoGrab.build/Release-iphoneos/VideoGrab.build/VideoGrab-own-target-headers.hmap -Xcc -I/Users/runner/work/video-grab/video-grab/build/Build/Intermediates.noindex/VideoGrab.build/Release-iphoneos/VideoGrab.build/VideoGrab-all-target-headers.hmap -Xcc -iquote -Xcc /Users/runner/work/video-grab/video-grab/build/Build/Intermediates.noindex/VideoGrab.build/Release-iphoneos/VideoGrab.build/VideoGrab-project-headers.hmap -Xcc -I/Users/runner/work/video-grab/video-grab/build/Build/Products/Release-iphoneos/include -Xcc -I/Users/runner/work/video-grab/video-grab/vendor/ltbridge -Xcc -I/Users/runner/work/video-grab/video-grab/build/Build/Intermediates.noindex/VideoGrab.build/Release-iphoneos/VideoGrab.build/DerivedSources-normal/arm64 -Xcc -I/Users/runner/work/video-grab/video-grab/build/Build/Intermediates.noindex/VideoGrab.build/Release-iphoneos/VideoGrab.build/DerivedSources/arm64 -Xcc -I/Users/runner/work/video-grab/video-grab/build/Build/Intermediates.noindex/VideoGrab.build/Release-iphoneos/VideoGrab.build/DerivedSources -import-objc-header /Users/runner/work/video-grab/video-grab/app/VideoGrab-Bridging-Header.h -module-name VideoGrab -disable-clang-spi -target-sdk-version 17.5 -target-sdk-name iphoneos17.5 -external-plugin-path /Applications/Xcode_15.4.app/Contents/Developer/Platforms/iPhoneOS.platform/Developer/SDKs/iPhoneOS17.5.sdk/usr/lib/swift/host/plugins\#/Applications/Xcode_15.4.app/Contents/Developer/Platforms/iPhoneOS.platform/Developer/SDKs/iPhoneOS17.5.sdk/usr/bin/swift-plugin-server -external-plugin-path /Applications/Xcode_15.4.app/Contents/Developer/Platforms/iPhoneOS.platform/Developer/SDKs/iPhoneOS17.5.sdk/usr/local/lib/swift/host/plugins\#/Applications/Xcode_15.4.app/Contents/Developer/Platforms/iPhoneOS.platform/Developer/SDKs/iPhoneOS17.5.sdk/usr/bin/swift-plugin-server -external-plugin-path /Applications/Xcode_15.4.app/Contents/Developer/Platforms/iPhoneOS.platform/Developer/usr/lib/swift/host/plugins\#/Applications/Xcode_15.4.app/Contents/Developer/Platforms/iPhoneOS.platform/Developer/usr/bin/swift-plugin-server -external-plugin-path /Applications/Xcode_15.4.app/Contents/Developer/Platforms/iPhoneOS.platform/Developer/usr/local/lib/swift/host/plugins\#/Applications/Xcode_15.4.app/Contents/Developer/Platforms/iPhoneOS.platform/Developer/usr/bin/swift-plugin-server -plugin-path /Applications/Xcode_15.4.app/Contents/Developer/Toolchains/XcodeDefault.xctoolchain/usr/lib/swift/host/plugins -plugin-path /Applications/Xcode_15.4.app/Contents/Developer/Toolchains/XcodeDefault.xctoolchain/usr/local/lib/swift/host/plugins -emit-pch -serialize-diagnostics-path /Users/runner/work/video-grab/video-grab/build/Build/Intermediates.noindex/PrecompiledHeaders/VideoGrab-Bridging-Header-37tmza8khqt5v.dia -pch-output-dir /Users/runner/work/video-grab/video-grab/build/Build/Intermediates.noindex/PrecompiledHeaders /Users/runner/work/video-grab/video-grab/app/VideoGrab-Bridging-Header.h

SwiftDriverJobDiscovery normal arm64 Compiling bridging header (in target 'VideoGrab' from project 'VideoGrab')

SwiftCompile normal arm64 Compiling\ AVRemux.swift,\ AdClean.swift,\ AudioSession.swift,\ BiliParse.swift,\ BlockList.swift,\ BookmarkExporter.swift,\ BookmarkImporter.swift,\ Bookmarks.swift,\ BookmarksView.swift,\ BrowserModel.swift,\ BrowserTab.swift,\ BrowserView.swift,\ CompressPlan.swift,\ CompressQueue.swift,\ CompressSheet.swift,\ Compressor.swift,\ ContentView.swift,\ DataBackup.swift,\ DownloadJob.swift,\ Downloader.swift,\ Exporter.swift,\ FFmpegConverter.swift,\ FileBin.swift,\ FileDownloader.swift,\ Haptics.swift,\ HomePageView.swift,\ HomeShortcuts.swift,\ Importer.swift,\ JobStore.swift,\ LanPage.swift,\ LinkGrabber.swift,\ LinkText.swift,\ LivePreview.swift,\ LocalHTTPServer.swift,\ LongPressMenu.swift,\ M3U8.swift,\ MagnetCard.swift,\ MagnetEngine.swift,\ MagnetStatus.swift,\ MediaProxy.swift,\ MergeQueue.swift,\ MergeSheet.swift,\ Merger.swift,\ NetWarmup.swift,\ NoImageMode.swift,\ Orientation.swift,\ PageError.swift,\ PagePDF.swift,\ PageVideo.swift,\ PasteLinkSheet.swift,\ PhotoSaver.swift,\ PiPProgress.swift,\ PlayerSheet.swift,\ PlaylistAnchor.swift,\ PlaylistRelay.swift,\ PopupAsk.swift,\ PopupMenuView.swift,\ RecycleBinView.swift,\ ScreenAwake.swift,\ SearchEngine.swift,\ SettingsBottomBarPage.swift,\ SettingsPages.swift,\ SettingsSiteRulesPage.swift,\ SettingsUserScriptsPage.swift,\ SettingsView.swift,\ ShareSheet.swift,\ SheetKit.swift,\ SiteRules.swift,\ SortCenterView.swift,\ SourceCard.swift,\ SourceProbe.swift,\ TSRemuxer.swift,\ TabGrid.swift,\ TabStore.swift,\ ThumbLoader.swift,\ Toolbox.swift,\ TrustedHosts.swift,\ UILayout.swift,\ UserScript.swift,\ UserScriptStore.swift,\ VideoGrabApp.swift,\ WatchHistory.swift,\ WatchProgress.swift,\ WebAutoplay.swift,\ GeneratedAssetSymbols.swift /Users/runner/work/video-grab/video-grab/app/AVRemux.swift /Users/runner/work/video-grab/video-grab/app/AdClean.swift /Users/runner/work/video-grab/video-grab/app/AudioSession.swift /Users/runner/work/video-grab/video-grab/app/BiliParse.swift /Users/runner/work/video-grab/video-grab/app/BlockList.swift /Users/runner/work/video-grab/video-grab/app/BookmarkExporter.swift /Users/runner/work/video-grab/video-grab/app/BookmarkImporter.swift /Users/runner/work/video-grab/video-grab/app/Bookmarks.swift /Users/runner/work/video-grab/video-grab/app/BookmarksView.swift /Users/runner/work/video-grab/video-grab/app/BrowserModel.swift /Users/runner/work/video-grab/video-grab/app/BrowserTab.swift /Users/runner/work/video-grab/video-grab/app/BrowserView.swift /Users/runner/work/video-grab/video-grab/app/CompressPlan.swift /Users/runner/work/video-grab/video-grab/app/CompressQueue.swift /Users/runner/work/video-grab/video-grab/app/CompressSheet.swift /Users/runner/work/video-grab/video-grab/app/Compressor.swift /Users/runner/work/video-grab/video-grab/app/ContentView.swift /Users/runner/work/video-grab/video-grab/app/DataBackup.swift /Users/runner/work/video-grab/video-grab/app/DownloadJob.swift /Users/runner/work/video-grab/video-grab/app/Downloader.swift /Users/runner/work/video-grab/video-grab/app/Exporter.swift /Users/runner/work/video-grab/video-grab/app/FFmpegConverter.swift /Users/runner/work/video-grab/video-grab/app/FileBin.swift /Users/runner/work/video-grab/video-grab/app/FileDownloader.swift /Users/runner/work/video-grab/video-grab/app/Haptics.swift /Users/runner/work/video-grab/video-grab/app/HomePageView.swift /Users/runner/work/video-grab/video-grab/app/HomeShortcuts.swift /Users/runner/work/video-grab/video-grab/app/Importer.swift /Users/runner/work/video-grab/video-grab/app/JobStore.swift /Users/runner/work/video-grab/video-grab/app/LanPage.swift /Users/runner/work/video-grab/video-grab/app/LinkGrabber.swift /Users/runner/work/video-grab/video-grab/app/LinkText.swift /Users/runner/work/video-grab/video-grab/app/LivePreview.swift /Users/runner/work/video-grab/video-grab/app/LocalHTTPServer.swift /Users/runner/work/video-grab/video-grab/app/LongPressMenu.swift /Users/runner/work/video-grab/video-grab/app/M3U8.swift /Users/runner/work/video-grab/video-grab/app/MagnetCard.swift /Users/runner/work/video-grab/video-grab/app/MagnetEngine.swift /Users/runner/work/video-grab/video-grab/app/MagnetStatus.swift /Users/runner/work/video-grab/video-grab/app/MediaProxy.swift /Users/runner/work/video-grab/video-grab/app/MergeQueue.swift /Users/runner/work/video-grab/video-grab/app/MergeSheet.swift /Users/runner/work/video-grab/video-grab/app/Merger.swift /Users/runner/work/video-grab/video-grab/app/NetWarmup.swift /Users/runner/work/video-grab/video-grab/app/NoImageMode.swift /Users/runner/work/video-grab/video-grab/app/Orientation.swift /Users/runner/work/video-grab/video-grab/app/PageError.swift /Users/runner/work/video-grab/video-grab/app/PagePDF.swift /Users/runner/work/video-grab/video-grab/app/PageVideo.swift /Users/runner/work/video-grab/video-grab/app/PasteLinkSheet.swift /Users/runner/work/video-grab/video-grab/app/PhotoSaver.swift /Users/runner/work/video-grab/video-grab/app/PiPProgress.swift /Users/runner/work/video-grab/video-grab/app/PlayerSheet.swift /Users/runner/work/video-grab/video-grab/app/PlaylistAnchor.swift /Users/runner/work/video-grab/video-grab/app/PlaylistRelay.swift /Users/runner/work/video-grab/video-grab/app/PopupAsk.swift /Users/runner/work/video-grab/video-grab/app/PopupMenuView.swift /Users/runner/work/video-grab/video-grab/app/RecycleBinView.swift /Users/runner/work/video-grab/video-grab/app/ScreenAwake.swift /Users/runner/work/video-grab/video-grab/app/SearchEngine.swift /Users/runner/work/video-grab/video-grab/app/SettingsBottomBarPage.swift /Users/runner/work/video-grab/video-grab/app/SettingsPages.swift /Users/runner/work/video-grab/video-grab/app/SettingsSiteRulesPage.swift /Users/runner/work/video-grab/video-grab/app/SettingsUserScriptsPage.swift /Users/runner/work/video-grab/video-grab/app/SettingsView.swift /Users/runner/work/video-grab/video-grab/app/ShareSheet.swift /Users/runner/work/video-grab/video-grab/app/SheetKit.swift /Users/runner/work/video-grab/video-grab/app/SiteRules.swift /Users/runner/work/video-grab/video-grab/app/SortCenterView.swift /Users/runner/work/video-grab/video-grab/app/SourceCard.swift /Users/runner/work/video-grab/video-grab/app/SourceProbe.swift /Users/runner/work/video-grab/video-grab/app/TSRemuxer.swift /Users/runner/work/video-grab/video-grab/app/TabGrid.swift /Users/runner/work/video-grab/video-grab/app/TabStore.swift /Users/runner/work/video-grab/video-grab/app/ThumbLoader.swift /Users/runner/work/video-grab/video-grab/app/Toolbox.swift /Users/runner/work/video-grab/video-grab/app/TrustedHosts.swift /Users/runner/work/video-grab/video-grab/app/UILayout.swift /Users/runner/work/video-grab/video-grab/app/UserScript.swift /Users/runner/work/video-grab/video-grab/app/UserScriptStore.swift /Users/runner/work/video-grab/video-grab/app/VideoGrabApp.swift /Users/runner/work/video-grab/video-grab/app/WatchHistory.swift /Users/runner/work/video-grab/video-grab/app/WatchProgress.swift /Users/runner/work/video-grab/video-grab/app/WebAutoplay.swift /Users/runner/work/video-grab/video-grab/build/Build/Intermediates.noindex/VideoGrab.build/Release-iphoneos/VideoGrab.build/DerivedSources/GeneratedAssetSymbols.swift /Users/runner/work/video-grab/video-grab/build/Build/Intermediates.noindex/PrecompiledHeaders/VideoGrab-Bridging-Header.pch (in target 'VideoGrab' from project 'VideoGrab')
    cd /Users/runner/work/video-grab/video-grab
    builtin-swiftTaskExecution -- /Applications/Xcode_15.4.app/Contents/Developer/Toolchains/XcodeDefault.xctoolchain/usr/bin/swift-frontend -frontend -c /Users/runner/work/video-grab/video-grab/app/AVRemux.swift /Users/runner/work/video-grab/video-grab/app/AdClean.swift /Users/runner/work/video-grab/video-grab/app/AudioSession.swift /Users/runner/work/video-grab/video-grab/app/BiliParse.swift /Users/runner/work/video-grab/video-grab/app/BlockList.swift /Users/runner/work/video-grab/video-grab/app/BookmarkExporter.swift /Users/runner/work/video-grab/video-grab/app/BookmarkImporter.swift /Users/runner/work/video-grab/video-grab/app/Bookmarks.swift /Users/runner/work/video-grab/video-grab/app/BookmarksView.swift /Users/runner/work/video-grab/video-grab/app/BrowserModel.swift /Users/runner/work/video-grab/video-grab/app/BrowserTab.swift /Users/runner/work/video-grab/video-grab/app/BrowserView.swift /Users/runner/work/video-grab/video-grab/app/CompressPlan.swift /Users/runner/work/video-grab/video-grab/app/CompressQueue.swift /Users/runner/work/video-grab/video-grab/app/CompressSheet.swift /Users/runner/work/video-grab/video-grab/app/Compressor.swift /Users/runner/work/video-grab/video-grab/app/ContentView.swift /Users/runner/work/video-grab/video-grab/app/DataBackup.swift /Users/runner/work/video-grab/video-grab/app/DownloadJob.swift /Users/runner/work/video-grab/video-grab/app/Downloader.swift /Users/runner/work/video-grab/video-grab/app/Exporter.swift /Users/runner/work/video-grab/video-grab/app/FFmpegConverter.swift /Users/runner/work/video-grab/video-grab/app/FileBin.swift /Users/runner/work/video-grab/video-grab/app/FileDownloader.swift /Users/runner/work/video-grab/video-grab/app/Haptics.swift /Users/runner/work/video-grab/video-grab/app/HomePageView.swift /Users/runner/work/video-grab/video-grab/app/HomeShortcuts.swift /Users/runner/work/video-grab/video-grab/app/Importer.swift /Users/runner/work/video-grab/video-grab/app/JobStore.swift /Users/runner/work/video-grab/video-grab/app/LanPage.swift /Users/runner/work/video-grab/video-grab/app/LinkGrabber.swift /Users/runner/work/video-grab/video-grab/app/LinkText.swift /Users/runner/work/video-grab/video-grab/app/LivePreview.swift /Users/runner/work/video-grab/video-grab/app/LocalHTTPServer.swift /Users/runner/work/video-grab/video-grab/app/LongPressMenu.swift /Users/runner/work/video-grab/video-grab/app/M3U8.swift /Users/runner/work/video-grab/video-grab/app/MagnetCard.swift /Users/runner/work/video-grab/video-grab/app/MagnetEngine.swift /Users/runner/work/video-grab/video-grab/app/MagnetStatus.swift /Users/runner/work/video-grab/video-grab/app/MediaProxy.swift /Users/runner/work/video-grab/video-grab/app/MergeQueue.swift /Users/runner/work/video-grab/video-grab/app/MergeSheet.swift /Users/runner/work/video-grab/video-grab/app/Merger.swift /Users/runner/work/video-grab/video-grab/app/NetWarmup.swift /Users/runner/work/video-grab/video-grab/app/NoImageMode.swift /Users/runner/work/video-grab/video-grab/app/Orientation.swift /Users/runner/work/video-grab/video-grab/app/PageError.swift /Users/runner/work/video-grab/video-grab/app/PagePDF.swift /Users/runner/work/video-grab/video-grab/app/PageVideo.swift /Users/runner/work/video-grab/video-grab/app/PasteLinkSheet.swift /Users/runner/work/video-grab/video-grab/app/PhotoSaver.swift /Users/runner/work/video-grab/video-grab/app/PiPProgress.swift /Users/runner/work/video-grab/video-grab/app/PlayerSheet.swift /Users/runner/work/video-grab/video-grab/app/PlaylistAnchor.swift /Users/runner/work/video-grab/video-grab/app/PlaylistRelay.swift /Users/runner/work/video-grab/video-grab/app/PopupAsk.swift /Users/runner/work/video-grab/video-grab/app/PopupMenuView.swift /Users/runner/work/video-grab/video-grab/app/RecycleBinView.swift /Users/runner/work/video-grab/video-grab/app/ScreenAwake.swift /Users/runner/work/video-grab/video-grab/app/SearchEngine.swift /Users/runner/work/video-grab/video-grab/app/SettingsBottomBarPage.swift /Users/runner/work/video-grab/video-grab/app/SettingsPages.swift /Users/runner/work/video-grab/video-grab/app/SettingsSiteRulesPage.swift /Users/runner/work/video-grab/video-grab/app/SettingsUserScriptsPage.swift /Users/runner/work/video-grab/video-grab/app/SettingsView.swift /Users/runner/work/video-grab/video-grab/app/ShareSheet.swift /Users/runner/work/video-grab/video-grab/app/SheetKit.swift /Users/runner/work/video-grab/video-grab/app/SiteRules.swift /Users/runner/work/video-grab/video-grab/app/SortCenterView.swift /Users/runner/work/video-grab/video-grab/app/SourceCard.swift /Users/runner/work/video-grab/video-grab/app/SourceProbe.swift /Users/runner/work/video-grab/video-grab/app/TSRemuxer.swift /Users/runner/work/video-grab/video-grab/app/TabGrid.swift /Users/runner/work/video-grab/video-grab/app/TabStore.swift /Users/runner/work/video-grab/video-grab/app/ThumbLoader.swift /Users/runner/work/video-grab/video-grab/app/Toolbox.swift /Users/runner/work/video-grab/video-grab/app/TrustedHosts.swift /Users/runner/work/video-grab/video-grab/app/UILayout.swift /Users/runner/work/video-grab/video-grab/app/UserScript.swift /Users/runner/work/video-grab/video-grab/app/UserScriptStore.swift /Users/runner/work/video-grab/video-grab/app/VideoGrabApp.swift /Users/runner/work/video-grab/video-grab/app/WatchHistory.swift /Users/runner/work/video-grab/video-grab/app/WatchProgress.swift /Users/runner/work/video-grab/video-grab/app/WebAutoplay.swift /Users/runner/work/video-grab/video-grab/build/Build/Intermediates.noindex/VideoGrab.build/Release-iphoneos/VideoGrab.build/DerivedSources/GeneratedAssetSymbols.swift -supplementary-output-file-map /Users/runner/work/video-grab/video-grab/build/Build/Intermediates.noindex/VideoGrab.build/Release-iphoneos/VideoGrab.build/Objects-normal/arm64/supplementaryOutputs-1 -target arm64-apple-ios15.0 -Xllvm -aarch64-use-tbi -enable-objc-interop -stack-check -sdk /Applications/Xcode_15.4.app/Contents/Developer/Platforms/iPhoneOS.platform/Developer/SDKs/iPhoneOS17.5.sdk -I /Users/runner/work/video-grab/video-grab/build/Build/Products/Release-iphoneos -F /Users/runner/work/video-grab/video-grab/build/Build/Products/Release-iphoneos -no-color-diagnostics -g -module-cache-path /Users/runner/work/video-grab/video-grab/build/ModuleCache.noindex -swift-version 5 -enforce-exclusivity\=checked -O -serialize-debugging-options -const-gather-protocols-file /Users/runner/work/video-grab/video-grab/build/Build/Intermediates.noindex/VideoGrab.build/Release-iphoneos/VideoGrab.build/Objects-normal/arm64/VideoGrab_const_extract_protocols.json -enable-bare-slash-regex -empty-abi-descriptor -validate-clang-modules-once -clang-build-session-file /Users/runner/work/video-grab/video-grab/build/ModuleCache.noindex/Session.modulevalidation -Xcc -working-directory -Xcc /Users/runner/work/video-grab/video-grab -resource-dir /Applications/Xcode_15.4.app/Contents/Developer/Toolchains/XcodeDefault.xctoolchain/usr/lib/swift -Xcc -ivfsstatcache -Xcc /Users/runner/work/video-grab/video-grab/build/SDKStatCaches.noindex/iphoneos17.5-21F77-f0fa7969d082b13145125136a829df3a.sdkstatcache -Xcc -I/Users/runner/work/video-grab/video-grab/build/Build/Intermediates.noindex/VideoGrab.build/Release-iphoneos/VideoGrab.build/swift-overrides.hmap -Xcc -iquote -Xcc /Users/runner/work/video-grab/video-grab/build/Build/Intermediates.noindex/VideoGrab.build/Release-iphoneos/VideoGrab.build/VideoGrab-generated-files.hmap -Xcc -I/Users/runner/work/video-grab/video-grab/build/Build/Intermediates.noindex/VideoGrab.build/Release-iphoneos/VideoGrab.build/VideoGrab-own-target-headers.hmap -Xcc -I/Users/runner/work/video-grab/video-grab/build/Build/Intermediates.noindex/VideoGrab.build/Release-iphoneos/VideoGrab.build/VideoGrab-all-target-headers.hmap -Xcc -iquote -Xcc /Users/runner/work/video-grab/video-grab/build/Build/Intermediates.noindex/VideoGrab.build/Release-iphoneos/VideoGrab.build/VideoGrab-project-headers.hmap -Xcc -I/Users/runner/work/video-grab/video-grab/build/Build/Products/Release-iphoneos/include -Xcc -I/Users/runner/work/video-grab/video-grab/vendor/ltbridge -Xcc -I/Users/runner/work/video-grab/video-grab/build/Build/Intermediates.noindex/VideoGrab.build/Release-iphoneos/VideoGrab.build/DerivedSources-normal/arm64 -Xcc -I/Users/runner/work/video-grab/video-grab/build/Build/Intermediates.noindex/VideoGrab.build/Release-iphoneos/VideoGrab.build/DerivedSources/arm64 -Xcc -I/Users/runner/work/video-grab/video-grab/build/Build/Intermediates.noindex/VideoGrab.build/Release-iphoneos/VideoGrab.build/DerivedSources -import-objc-header /Users/runner/work/video-grab/video-grab/app/VideoGrab-Bridging-Header.h -pch-output-dir /Users/runner/work/video-grab/video-grab/build/Build/Intermediates.noindex/PrecompiledHeaders -module-name VideoGrab -frontend-parseable-output -disable-clang-spi -target-sdk-version 17.5 -target-sdk-name iphoneos17.5 -external-plugin-path /Applications/Xcode_15.4.app/Contents/Developer/Platforms/iPhoneOS.platform/Developer/SDKs/iPhoneOS17.5.sdk/usr/lib/swift/host/plugins\#/Applications/Xcode_15.4.app/Contents/Developer/Platforms/iPhoneOS.platform/Developer/SDKs/iPhoneOS17.5.sdk/usr/bin/swift-plugin-server -external-plugin-path /Applications/Xcode_15.4.app/Contents/Developer/Platforms/iPhoneOS.platform/Developer/SDKs/iPhoneOS17.5.sdk/usr/local/lib/swift/host/plugins\#/Applications/Xcode_15.4.app/Contents/Developer/Platforms/iPhoneOS.platform/Developer/SDKs/iPhoneOS17.5.sdk/usr/bin/swift-plugin-server -external-plugin-path /Applications/Xcode_15.4.app/Contents/Developer/Platforms/iPhoneOS.platform/Developer/usr/lib/swift/host/plugins\#/Applications/Xcode_15.4.app/Contents/Developer/Platforms/iPhoneOS.platform/Developer/usr/bin/swift-plugin-server -external-plugin-path /Applications/Xcode_15.4.app/Contents/Developer/Platforms/iPhoneOS.platform/Developer/usr/local/lib/swift/host/plugins\#/Applications/Xcode_15.4.app/Contents/Developer/Platforms/iPhoneOS.platform/Developer/usr/bin/swift-plugin-server -plugin-path /Applications/Xcode_15.4.app/Contents/Developer/Toolchains/XcodeDefault.xctoolchain/usr/lib/swift/host/plugins -plugin-path /Applications/Xcode_15.4.app/Contents/Developer/Toolchains/XcodeDefault.xctoolchain/usr/local/lib/swift/host/plugins -enable-default-cmo -num-threads 3 -o /Users/runner/work/video-grab/video-grab/build/Build/Intermediates.noindex/VideoGrab.build/Release-iphoneos/VideoGrab.build/Objects-normal/arm64/AVRemux.o -o /Users/runner/work/video-grab/video-grab/build/Build/Intermediates.noindex/VideoGrab.build/Release-iphoneos/VideoGrab.build/Objects-normal/arm64/AdClean.o -o /Users/runner/work/video-grab/video-grab/build/Build/Intermediates.noindex/VideoGrab.build/Release-iphoneos/VideoGrab.build/Objects-normal/arm64/AudioSession.o -o /Users/runner/work/video-grab/video-grab/build/Build/Intermediates.noindex/VideoGrab.build/Release-iphoneos/VideoGrab.build/Objects-normal/arm64/BiliParse.o -o /Users/runner/work/video-grab/video-grab/build/Build/Intermediates.noindex/VideoGrab.build/Release-iphoneos/VideoGrab.build/Objects-normal/arm64/BlockList.o -o /Users/runner/work/video-grab/video-grab/build/Build/Intermediates.noindex/VideoGrab.build/Release-iphoneos/VideoGrab.build/Objects-normal/arm64/BookmarkExporter.o -o /Users/runner/work/video-grab/video-grab/build/Build/Intermediates.noindex/VideoGrab.build/Release-iphoneos/VideoGrab.build/Objects-normal/arm64/BookmarkImporter.o -o /Users/runner/work/video-grab/video-grab/build/Build/Intermediates.noindex/VideoGrab.build/Release-iphoneos/VideoGrab.build/Objects-normal/arm64/Bookmarks.o -o /Users/runner/work/video-grab/video-grab/build/Build/Intermediates.noindex/VideoGrab.build/Release-iphoneos/VideoGrab.build/Objects-normal/arm64/BookmarksView.o -o /Users/runner/work/video-grab/video-grab/build/Build/Intermediates.noindex/VideoGrab.build/Release-iphoneos/VideoGrab.build/Objects-normal/arm64/BrowserModel.o -o /Users/runner/work/video-grab/video-grab/build/Build/Intermediates.noindex/VideoGrab.build/Release-iphoneos/VideoGrab.build/Objects-normal/arm64/BrowserTab.o -o /Users/runner/work/video-grab/video-grab/build/Build/Intermediates.noindex/VideoGrab.build/Release-iphoneos/VideoGrab.build/Objects-normal/arm64/BrowserView.o -o /Users/runner/work/video-grab/video-grab/build/Build/Intermediates.noindex/VideoGrab.build/Release-iphoneos/VideoGrab.build/Objects-normal/arm64/CompressPlan.o -o /Users/runner/work/video-grab/video-grab/build/Build/Intermediates.noindex/VideoGrab.build/Release-iphoneos/VideoGrab.build/Objects-normal/arm64/CompressQueue.o -o /Users/runner/work/video-grab/video-grab/build/Build/Intermediates.noindex/VideoGrab.build/Release-iphoneos/VideoGrab.build/Objects-normal/arm64/CompressSheet.o -o /Users/runner/work/video-grab/video-grab/build/Build/Intermediates.noindex/VideoGrab.build/Release-iphoneos/VideoGrab.build/Objects-normal/arm64/Compressor.o -o /Users/runner/work/video-grab/video-grab/build/Build/Intermediates.noindex/VideoGrab.build/Release-iphoneos/VideoGrab.build/Objects-normal/arm64/ContentView.o -o /Users/runner/work/video-grab/video-grab/build/Build/Intermediates.noindex/VideoGrab.build/Release-iphoneos/VideoGrab.build/Objects-normal/arm64/DataBackup.o -o /Users/runner/work/video-grab/video-grab/build/Build/Intermediates.noindex/VideoGrab.build/Release-iphoneos/VideoGrab.build/Objects-normal/arm64/DownloadJob.o -o /Users/runner/work/video-grab/video-grab/build/Build/Intermediates.noindex/VideoGrab.build/Release-iphoneos/VideoGrab.build/Objects-normal/arm64/Downloader.o -o /Users/runner/work/video-grab/video-grab/build/Build/Intermediates.noindex/VideoGrab.build/Release-iphoneos/VideoGrab.build/Objects-normal/arm64/Exporter.o -o /Users/runner/work/video-grab/video-grab/build/Build/Intermediates.noindex/VideoGrab.build/Release-iphoneos/VideoGrab.build/Objects-normal/arm64/FFmpegConverter.o -o /Users/runner/work/video-grab/video-grab/build/Build/Intermediates.noindex/VideoGrab.build/Release-iphoneos/VideoGrab.build/Objects-normal/arm64/FileBin.o -o /Users/runner/work/video-grab/video-grab/build/Build/Intermediates.noindex/VideoGrab.build/Release-iphoneos/VideoGrab.build/Objects-normal/arm64/FileDownloader.o -o /Users/runner/work/video-grab/video-grab/build/Build/Intermediates.noindex/VideoGrab.build/Release-iphoneos/VideoGrab.build/Objects-normal/arm64/Haptics.o -o /Users/runner/work/video-grab/video-grab/build/Build/Intermediates.noindex/VideoGrab.build/Release-iphoneos/VideoGrab.build/Objects-normal/arm64/HomePageView.o -o /Users/runner/work/video-grab/video-grab/build/Build/Intermediates.noindex/VideoGrab.build/Release-iphoneos/VideoGrab.build/Objects-normal/arm64/HomeShortcuts.o -o /Users/runner/work/video-grab/video-grab/build/Build/Intermediates.noindex/VideoGrab.build/Release-iphoneos/VideoGrab.build/Objects-normal/arm64/Importer.o -o /Users/runner/work/video-grab/video-grab/build/Build/Intermediates.noindex/VideoGrab.build/Release-iphoneos/VideoGrab.build/Objects-normal/arm64/JobStore.o -o /Users/runner/work/video-grab/video-grab/build/Build/Intermediates.noindex/VideoGrab.build/Release-iphoneos/VideoGrab.build/Objects-normal/arm64/LanPage.o -o /Users/runner/work/video-grab/video-grab/build/Build/Intermediates.noindex/VideoGrab.build/Release-iphoneos/VideoGrab.build/Objects-normal/arm64/LinkGrabber.o -o /Users/runner/work/video-grab/video-grab/build/Build/Intermediates.noindex/VideoGrab.build/Release-iphoneos/VideoGrab.build/Objects-normal/arm64/LinkText.o -o /Users/runner/work/video-grab/video-grab/build/Build/Intermediates.noindex/VideoGrab.build/Release-iphoneos/VideoGrab.build/Objects-normal/arm64/LivePreview.o -o /Users/runner/work/video-grab/video-grab/build/Build/Intermediates.noindex/VideoGrab.build/Release-iphoneos/VideoGrab.build/Objects-normal/arm64/LocalHTTPServer.o -o /Users/runner/work/video-grab/video-grab/build/Build/Intermediates.noindex/VideoGrab.build/Release-iphoneos/VideoGrab.build/Objects-normal/arm64/LongPressMenu.o -o /Users/runner/work/video-grab/video-grab/build/Build/Intermediates.noindex/VideoGrab.build/Release-iphoneos/VideoGrab.build/Objects-normal/arm64/M3U8.o -o /Users/runner/work/video-grab/video-grab/build/Build/Intermediates.noindex/VideoGrab.build/Release-iphoneos/VideoGrab.build/Objects-normal/arm64/MagnetCard.o -o /Users/runner/work/video-grab/video-grab/build/Build/Intermediates.noindex/VideoGrab.build/Release-iphoneos/VideoGrab.build/Objects-normal/arm64/MagnetEngine.o -o /Users/runner/work/video-grab/video-grab/build/Build/Intermediates.noindex/VideoGrab.build/Release-iphoneos/VideoGrab.build/Objects-normal/arm64/MagnetStatus.o -o /Users/runner/work/video-grab/video-grab/build/Build/Intermediates.noindex/VideoGrab.build/Release-iphoneos/VideoGrab.build/Objects-normal/arm64/MediaProxy.o -o /Users/runner/work/video-grab/video-grab/build/Build/Intermediates.noindex/VideoGrab.build/Release-iphoneos/VideoGrab.build/Objects-normal/arm64/MergeQueue.o -o /Users/runner/work/video-grab/video-grab/build/Build/Intermediates.noindex/VideoGrab.build/Release-iphoneos/VideoGrab.build/Objects-normal/arm64/MergeSheet.o -o /Users/runner/work/video-grab/video-grab/build/Build/Intermediates.noindex/VideoGrab.build/Release-iphoneos/VideoGrab.build/Objects-normal/arm64/Merger.o -o /Users/runner/work/video-grab/video-grab/build/Build/Intermediates.noindex/VideoGrab.build/Release-iphoneos/VideoGrab.build/Objects-normal/arm64/NetWarmup.o -o /Users/runner/work/video-grab/video-grab/build/Build/Intermediates.noindex/VideoGrab.build/Release-iphoneos/VideoGrab.build/Objects-normal/arm64/NoImageMode.o -o /Users/runner/work/video-grab/video-grab/build/Build/Intermediates.noindex/VideoGrab.build/Release-iphoneos/VideoGrab.build/Objects-normal/arm64/Orientation.o -o /Users/runner/work/video-grab/video-grab/build/Build/Intermediates.noindex/VideoGrab.build/Release-iphoneos/VideoGrab.build/Objects-normal/arm64/PageError.o -o /Users/runner/work/video-grab/video-grab/build/Build/Intermediates.noindex/VideoGrab.build/Release-iphoneos/VideoGrab.build/Objects-normal/arm64/PagePDF.o -o /Users/runner/work/video-grab/video-grab/build/Build/Intermediates.noindex/VideoGrab.build/Release-iphoneos/VideoGrab.build/Objects-normal/arm64/PageVideo.o -o /Users/runner/work/video-grab/video-grab/build/Build/Intermediates.noindex/VideoGrab.build/Release-iphoneos/VideoGrab.build/Objects-normal/arm64/PasteLinkSheet.o -o /Users/runner/work/video-grab/video-grab/build/Build/Intermediates.noindex/VideoGrab.build/Release-iphoneos/VideoGrab.build/Objects-normal/arm64/PhotoSaver.o -o /Users/runner/work/video-grab/video-grab/build/Build/Intermediates.noindex/VideoGrab.build/Release-iphoneos/VideoGrab.build/Objects-normal/arm64/PiPProgress.o -o /Users/runner/work/video-grab/video-grab/build/Build/Intermediates.noindex/VideoGrab.build/Release-iphoneos/VideoGrab.build/Objects-normal/arm64/PlayerSheet.o -o /Users/runner/work/video-grab/video-grab/build/Build/Intermediates.noindex/VideoGrab.build/Release-iphoneos/VideoGrab.build/Objects-normal/arm64/PlaylistAnchor.o -o /Users/runner/work/video-grab/video-grab/build/Build/Intermediates.noindex/VideoGrab.build/Release-iphoneos/VideoGrab.build/Objects-normal/arm64/PlaylistRelay.o -o /Users/runner/work/video-grab/video-grab/build/Build/Intermediates.noindex/VideoGrab.build/Release-iphoneos/VideoGrab.build/Objects-normal/arm64/PopupAsk.o -o /Users/runner/work/video-grab/video-grab/build/Build/Intermediates.noindex/VideoGrab.build/Release-iphoneos/VideoGrab.build/Objects-normal/arm64/PopupMenuView.o -o /Users/runner/work/video-grab/video-grab/build/Build/Intermediates.noindex/VideoGrab.build/Release-iphoneos/VideoGrab.build/Objects-normal/arm64/RecycleBinView.o -o /Users/runner/work/video-grab/video-grab/build/Build/Intermediates.noindex/VideoGrab.build/Release-iphoneos/VideoGrab.build/Objects-normal/arm64/ScreenAwake.o -o /Users/runner/work/video-grab/video-grab/build/Build/Intermediates.noindex/VideoGrab.build/Release-iphoneos/VideoGrab.build/Objects-normal/arm64/SearchEngine.o -o /Users/runner/work/video-grab/video-grab/build/Build/Intermediates.noindex/VideoGrab.build/Release-iphoneos/VideoGrab.build/Objects-normal/arm64/SettingsBottomBarPage.o -o /Users/runner/work/video-grab/video-grab/build/Build/Intermediates.noindex/VideoGrab.build/Release-iphoneos/VideoGrab.build/Objects-normal/arm64/SettingsPages.o -o /Users/runner/work/video-grab/video-grab/build/Build/Intermediates.noindex/VideoGrab.build/Release-iphoneos/VideoGrab.build/Objects-normal/arm64/SettingsSiteRulesPage.o -o /Users/runner/work/video-grab/video-grab/build/Build/Intermediates.noindex/VideoGrab.build/Release-iphoneos/VideoGrab.build/Objects-normal/arm64/SettingsUserScriptsPage.o -o /Users/runner/work/video-grab/video-grab/build/Build/Intermediates.noindex/VideoGrab.build/Release-iphoneos/VideoGrab.build/Objects-normal/arm64/SettingsView.o -o /Users/runner/work/video-grab/video-grab/build/Build/Intermediates.noindex/VideoGrab.build/Release-iphoneos/VideoGrab.build/Objects-normal/arm64/ShareSheet.o -o /Users/runner/work/video-grab/video-grab/build/Build/Intermediates.noindex/VideoGrab.build/Release-iphoneos/VideoGrab.build/Objects-normal/arm64/SheetKit.o -o /Users/runner/work/video-grab/video-grab/build/Build/Intermediates.noindex/VideoGrab.build/Release-iphoneos/VideoGrab.build/Objects-normal/arm64/SiteRules.o -o /Users/runner/work/video-grab/video-grab/build/Build/Intermediates.noindex/VideoGrab.build/Release-iphoneos/VideoGrab.build/Objects-normal/arm64/SortCenterView.o -o /Users/runner/work/video-grab/video-grab/build/Build/Intermediates.noindex/VideoGrab.build/Release-iphoneos/VideoGrab.build/Objects-normal/arm64/SourceCard.o -o /Users/runner/work/video-grab/video-grab/build/Build/Intermediates.noindex/VideoGrab.build/Release-iphoneos/VideoGrab.build/Objects-normal/arm64/SourceProbe.o -o /Users/runner/work/video-grab/video-grab/build/Build/Intermediates.noindex/VideoGrab.build/Release-iphoneos/VideoGrab.build/Objects-normal/arm64/TSRemuxer.o -o /Users/runner/work/video-grab/video-grab/build/Build/Intermediates.noindex/VideoGrab.build/Release-iphoneos/VideoGrab.build/Objects-normal/arm64/TabGrid.o -o /Users/runner/work/video-grab/video-grab/build/Build/Intermediates.noindex/VideoGrab.build/Release-iphoneos/VideoGrab.build/Objects-normal/arm64/TabStore.o -o /Users/runner/work/video-grab/video-grab/build/Build/Intermediates.noindex/VideoGrab.build/Release-iphoneos/VideoGrab.build/Objects-normal/arm64/ThumbLoader.o -o /Users/runner/work/video-grab/video-grab/build/Build/Intermediates.noindex/VideoGrab.build/Release-iphoneos/VideoGrab.build/Objects-normal/arm64/Toolbox.o -o /Users/runner/work/video-grab/video-grab/build/Build/Intermediates.noindex/VideoGrab.build/Release-iphoneos/VideoGrab.build/Objects-normal/arm64/TrustedHosts.o -o /Users/runner/work/video-grab/video-grab/build/Build/Intermediates.noindex/VideoGrab.build/Release-iphoneos/VideoGrab.build/Objects-normal/arm64/UILayout.o -o /Users/runner/work/video-grab/video-grab/build/Build/Intermediates.noindex/VideoGrab.build/Release-iphoneos/VideoGrab.build/Objects-normal/arm64/UserScript.o -o /Users/runner/work/video-grab/video-grab/build/Build/Intermediates.noindex/VideoGrab.build/Release-iphoneos/VideoGrab.build/Objects-normal/arm64/UserScriptStore.o -o /Users/runner/work/video-grab/video-grab/build/Build/Intermediates.noindex/VideoGrab.build/Release-iphoneos/VideoGrab.build/Objects-normal/arm64/VideoGrabApp.o -o /Users/runner/work/video-grab/video-grab/build/Build/Intermediates.noindex/VideoGrab.build/Release-iphoneos/VideoGrab.build/Objects-normal/arm64/WatchHistory.o -o /Users/runner/work/video-grab/video-grab/build/Build/Intermediates.noindex/VideoGrab.build/Release-iphoneos/VideoGrab.build/Objects-normal/arm64/WatchProgress.o -o /Users/runner/work/video-grab/video-grab/build/Build/Intermediates.noindex/VideoGrab.build/Release-iphoneos/VideoGrab.build/Objects-normal/arm64/WebAutoplay.o -o /Users/runner/work/video-grab/video-grab/build/Build/Intermediates.noindex/VideoGrab.build/Release-iphoneos/VideoGrab.build/Objects-normal/arm64/GeneratedAssetSymbols.o -index-unit-output-path /VideoGrab.build/Release-iphoneos/VideoGrab.build/Objects-normal/arm64/AVRemux.o -index-unit-output-path /VideoGrab.build/Release-iphoneos/VideoGrab.build/Objects-normal/arm64/AdClean.o -index-unit-output-path /VideoGrab.build/Release-iphoneos/VideoGrab.build/Objects-normal/arm64/AudioSession.o -index-unit-output-path /VideoGrab.build/Release-iphoneos/VideoGrab.build/Objects-normal/arm64/BiliParse.o -index-unit-output-path /VideoGrab.build/Release-iphoneos/VideoGrab.build/Objects-normal/arm64/BlockList.o -index-unit-output-path /VideoGrab.build/Release-iphoneos/VideoGrab.build/Objects-normal/arm64/BookmarkExporter.o -index-unit-output-path /VideoGrab.build/Release-iphoneos/VideoGrab.build/Objects-normal/arm64/BookmarkImporter.o -index-unit-output-path /VideoGrab.build/Release-iphoneos/VideoGrab.build/Objects-normal/arm64/Bookmarks.o -index-unit-output-path /VideoGrab.build/Release-iphoneos/VideoGrab.build/Objects-normal/arm64/BookmarksView.o -index-unit-output-path /VideoGrab.build/Release-iphoneos/VideoGrab.build/Objects-normal/arm64/BrowserModel.o -index-unit-output-path /VideoGrab.build/Release-iphoneos/VideoGrab.build/Objects-normal/arm64/BrowserTab.o -index-unit-output-path /VideoGrab.build/Release-iphoneos/VideoGrab.build/Objects-normal/arm64/BrowserView.o -index-unit-output-path /VideoGrab.build/Release-iphoneos/VideoGrab.build/Objects-normal/arm64/CompressPlan.o -index-unit-output-path /VideoGrab.build/Release-iphoneos/VideoGrab.build/Objects-normal/arm64/CompressQueue.o -index-unit-output-path /VideoGrab.build/Release-iphoneos/VideoGrab.build/Objects-normal/arm64/CompressSheet.o -index-unit-output-path /VideoGrab.build/Release-iphoneos/VideoGrab.build/Objects-normal/arm64/Compressor.o -index-unit-output-path /VideoGrab.build/Release-iphoneos/VideoGrab.build/Objects-normal/arm64/ContentView.o -index-unit-output-path /VideoGrab.build/Release-iphoneos/VideoGrab.build/Objects-normal/arm64/DataBackup.o -index-unit-output-path /VideoGrab.build/Release-iphoneos/VideoGrab.build/Objects-normal/arm64/DownloadJob.o -index-unit-output-path /VideoGrab.build/Release-iphoneos/VideoGrab.build/Objects-normal/arm64/Downloader.o -index-unit-output-path /VideoGrab.build/Release-iphoneos/VideoGrab.build/Objects-normal/arm64/Exporter.o -index-unit-output-path /VideoGrab.build/Release-iphoneos/VideoGrab.build/Objects-normal/arm64/FFmpegConverter.o -index-unit-output-path /VideoGrab.build/Release-iphoneos/VideoGrab.build/Objects-normal/arm64/FileBin.o -index-unit-output-path /VideoGrab.build/Release-iphoneos/VideoGrab.build/Objects-normal/arm64/FileDownloader.o -index-unit-output-path /VideoGrab.build/Release-iphoneos/VideoGrab.build/Objects-normal/arm64/Haptics.o -index-unit-output-path /VideoGrab.build/Release-iphoneos/VideoGrab.build/Objects-normal/arm64/HomePageView.o -index-unit-output-path /VideoGrab.build/Release-iphoneos/VideoGrab.build/Objects-normal/arm64/HomeShortcuts.o -index-unit-output-path /VideoGrab.build/Release-iphoneos/VideoGrab.build/Objects-normal/arm64/Importer.o -index-unit-output-path /VideoGrab.build/Release-iphoneos/VideoGrab.build/Objects-normal/arm64/JobStore.o -index-unit-output-path /VideoGrab.build/Release-iphoneos/VideoGrab.build/Objects-normal/arm64/LanPage.o -index-unit-output-path /VideoGrab.build/Release-iphoneos/VideoGrab.build/Objects-normal/arm64/LinkGrabber.o -index-unit-output-path /VideoGrab.build/Release-iphoneos/VideoGrab.build/Objects-normal/arm64/LinkText.o -index-unit-output-path /VideoGrab.build/Release-iphoneos/VideoGrab.build/Objects-normal/arm64/LivePreview.o -index-unit-output-path /VideoGrab.build/Release-iphoneos/VideoGrab.build/Objects-normal/arm64/LocalHTTPServer.o -index-unit-output-path /VideoGrab.build/Release-iphoneos/VideoGrab.build/Objects-normal/arm64/LongPressMenu.o -index-unit-output-path /VideoGrab.build/Release-iphoneos/VideoGrab.build/Objects-normal/arm64/M3U8.o -index-unit-output-path /VideoGrab.build/Release-iphoneos/VideoGrab.build/Objects-normal/arm64/MagnetCard.o -index-unit-output-path /VideoGrab.build/Release-iphoneos/VideoGrab.build/Objects-normal/arm64/MagnetEngine.o -index-unit-output-path /VideoGrab.build/Release-iphoneos/VideoGrab.build/Objects-normal/arm64/MagnetStatus.o -index-unit-output-path /VideoGrab.build/Release-iphoneos/VideoGrab.build/Objects-normal/arm64/MediaProxy.o -index-unit-output-path /VideoGrab.build/Release-iphoneos/VideoGrab.build/Objects-normal/arm64/MergeQueue.o -index-unit-output-path /VideoGrab.build/Release-iphoneos/VideoGrab.build/Objects-normal/arm64/MergeSheet.o -index-unit-output-path /VideoGrab.build/Release-iphoneos/VideoGrab.build/Objects-normal/arm64/Merger.o -index-unit-output-path /VideoGrab.build/Release-iphoneos/VideoGrab.build/Objects-normal/arm64/NetWarmup.o -index-unit-output-path /VideoGrab.build/Release-iphoneos/VideoGrab.build/Objects-normal/arm64/NoImageMode.o -index-unit-output-path /VideoGrab.build/Release-iphoneos/VideoGrab.build/Objects-normal/arm64/Orientation.o -index-unit-output-path /VideoGrab.build/Release-iphoneos/VideoGrab.build/Objects-normal/arm64/PageError.o -index-unit-output-path /VideoGrab.build/Release-iphoneos/VideoGrab.build/Objects-normal/arm64/PagePDF.o -index-unit-output-path /VideoGrab.build/Release-iphoneos/VideoGrab.build/Objects-normal/arm64/PageVideo.o -index-unit-output-path /VideoGrab.build/Release-iphoneos/VideoGrab.build/Objects-normal/arm64/PasteLinkSheet.o -index-unit-output-path /VideoGrab.build/Release-iphoneos/VideoGrab.build/Objects-normal/arm64/PhotoSaver.o -index-unit-output-path /VideoGrab.build/Release-iphoneos/VideoGrab.build/Objects-normal/arm64/PiPProgress.o -index-unit-output-path /VideoGrab.build/Release-iphoneos/VideoGrab.build/Objects-normal/arm64/PlayerSheet.o -index-unit-output-path /VideoGrab.build/Release-iphoneos/VideoGrab.build/Objects-normal/arm64/PlaylistAnchor.o -index-unit-output-path /VideoGrab.build/Release-iphoneos/VideoGrab.build/Objects-normal/arm64/PlaylistRelay.o -index-unit-output-path /VideoGrab.build/Release-iphoneos/VideoGrab.build/Objects-normal/arm64/PopupAsk.o -index-unit-output-path /VideoGrab.build/Release-iphoneos/VideoGrab.build/Objects-normal/arm64/PopupMenuView.o -index-unit-output-path /VideoGrab.build/Release-iphoneos/VideoGrab.build/Objects-normal/arm64/RecycleBinView.o -index-unit-output-path /VideoGrab.build/Release-iphoneos/VideoGrab.build/Objects-normal/arm64/ScreenAwake.o -index-unit-output-path /VideoGrab.build/Release-iphoneos/VideoGrab.build/Objects-normal/arm64/SearchEngine.o -index-unit-output-path /VideoGrab.build/Release-iphoneos/VideoGrab.build/Objects-normal/arm64/SettingsBottomBarPage.o -index-unit-output-path /VideoGrab.build/Release-iphoneos/VideoGrab.build/Objects-normal/arm64/SettingsPages.o -index-unit-output-path /VideoGrab.build/Release-iphoneos/VideoGrab.build/Objects-normal/arm64/SettingsSiteRulesPage.o -index-unit-output-path /VideoGrab.build/Release-iphoneos/VideoGrab.build/Objects-normal/arm64/SettingsUserScriptsPage.o -index-unit-output-path /VideoGrab.build/Release-iphoneos/VideoGrab.build/Objects-normal/arm64/SettingsView.o -index-unit-output-path /VideoGrab.build/Release-iphoneos/VideoGrab.build/Objects-normal/arm64/ShareSheet.o -index-unit-output-path /VideoGrab.build/Release-iphoneos/VideoGrab.build/Objects-normal/arm64/SheetKit.o -index-unit-output-path /VideoGrab.build/Release-iphoneos/VideoGrab.build/Objects-normal/arm64/SiteRules.o -index-unit-output-path /VideoGrab.build/Release-iphoneos/VideoGrab.build/Objects-normal/arm64/SortCenterView.o -index-unit-output-path /VideoGrab.build/Release-iphoneos/VideoGrab.build/Objects-normal/arm64/SourceCard.o -index-unit-output-path /VideoGrab.build/Release-iphoneos/VideoGrab.build/Objects-normal/arm64/SourceProbe.o -index-unit-output-path /VideoGrab.build/Release-iphoneos/VideoGrab.build/Objects-normal/arm64/TSRemuxer.o -index-unit-output-path /VideoGrab.build/Release-iphoneos/VideoGrab.build/Objects-normal/arm64/TabGrid.o -index-unit-output-path /VideoGrab.build/Release-iphoneos/VideoGrab.build/Objects-normal/arm64/TabStore.o -index-unit-output-path /VideoGrab.build/Release-iphoneos/VideoGrab.build/Objects-normal/arm64/ThumbLoader.o -index-unit-output-path /VideoGrab.build/Release-iphoneos/VideoGrab.build/Objects-normal/arm64/Toolbox.o -index-unit-output-path /VideoGrab.build/Release-iphoneos/VideoGrab.build/Objects-normal/arm64/TrustedHosts.o -index-unit-output-path /VideoGrab.build/Release-iphoneos/VideoGrab.build/Objects-normal/arm64/UILayout.o -index-unit-output-path /VideoGrab.build/Release-iphoneos/VideoGrab.build/Objects-normal/arm64/UserScript.o -index-unit-output-path /VideoGrab.build/Release-iphoneos/VideoGrab.build/Objects-normal/arm64/UserScriptStore.o -index-unit-output-path /VideoGrab.build/Release-iphoneos/VideoGrab.build/Objects-normal/arm64/VideoGrabApp.o -index-unit-output-path /VideoGrab.build/Release-iphoneos/VideoGrab.build/Objects-normal/arm64/WatchHistory.o -index-unit-output-path /VideoGrab.build/Release-iphoneos/VideoGrab.build/Objects-normal/arm64/WatchProgress.o -index-unit-output-path /VideoGrab.build/Release-iphoneos/VideoGrab.build/Objects-normal/arm64/WebAutoplay.o -index-unit-output-path /VideoGrab.build/Release-iphoneos/VideoGrab.build/Objects-normal/arm64/GeneratedAssetSymbols.o
CompileSwift normal arm64 (in target 'VideoGrab' from project 'VideoGrab')
    cd /Users/runner/work/video-grab/video-grab
    /Applications/Xcode_15.4.app/Contents/Developer/Toolchains/XcodeDefault.xctoolchain/usr/bin/swift-frontend -c /Users/runner/work/video-grab/video-grab/app/AVRemux.swift /Users/runner/work/video-grab/video-grab/app/AdClean.swift /Users/runner/work/video-grab/video-grab/app/AudioSession.swift /Users/runner/work/video-grab/video-grab/app/BiliParse.swift /Users/runner/work/video-grab/video-grab/app/BlockList.swift /Users/runner/work/video-grab/video-grab/app/BookmarkExporter.swift /Users/runner/work/video-grab/video-grab/app/BookmarkImporter.swift /Users/runner/work/video-grab/video-grab/app/Bookmarks.swift /Users/runner/work/video-grab/video-grab/app/BookmarksView.swift /Users/runner/work/video-grab/video-grab/app/BrowserModel.swift /Users/runner/work/video-grab/video-grab/app/BrowserTab.swift /Users/runner/work/video-grab/video-grab/app/BrowserView.swift /Users/runner/work/video-grab/video-grab/app/CompressPlan.swift /Users/runner/work/video-grab/video-grab/app/CompressQueue.swift /Users/runner/work/video-grab/video-grab/app/CompressSheet.swift /Users/runner/work/video-grab/video-grab/app/Compressor.swift /Users/runner/work/video-grab/video-grab/app/ContentView.swift /Users/runner/work/video-grab/video-grab/app/DataBackup.swift /Users/runner/work/video-grab/video-grab/app/DownloadJob.swift /Users/runner/work/video-grab/video-grab/app/Downloader.swift /Users/runner/work/video-grab/video-grab/app/Exporter.swift /Users/runner/work/video-grab/video-grab/app/FFmpegConverter.swift /Users/runner/work/video-grab/video-grab/app/FileBin.swift /Users/runner/work/video-grab/video-grab/app/FileDownloader.swift /Users/runner/work/video-grab/video-grab/app/Haptics.swift /Users/runner/work/video-grab/video-grab/app/HomePageView.swift /Users/runner/work/video-grab/video-grab/app/HomeShortcuts.swift /Users/runner/work/video-grab/video-grab/app/Importer.swift /Users/runner/work/video-grab/video-grab/app/JobStore.swift /Users/runner/work/video-grab/video-grab/app/LanPage.swift /Users/runner/work/video-grab/video-grab/app/LinkGrabber.swift /Users/runner/work/video-grab/video-grab/app/LinkText.swift /Users/runner/work/video-grab/video-grab/app/LivePreview.swift /Users/runner/work/video-grab/video-grab/app/LocalHTTPServer.swift /Users/runner/work/video-grab/video-grab/app/LongPressMenu.swift /Users/runner/work/video-grab/video-grab/app/M3U8.swift /Users/runner/work/video-grab/video-grab/app/MagnetCard.swift /Users/runner/work/video-grab/video-grab/app/MagnetEngine.swift /Users/runner/work/video-grab/video-grab/app/MagnetStatus.swift /Users/runner/work/video-grab/video-grab/app/MediaProxy.swift /Users/runner/work/video-grab/video-grab/app/MergeQueue.swift /Users/runner/work/video-grab/video-grab/app/MergeSheet.swift /Users/runner/work/video-grab/video-grab/app/Merger.swift /Users/runner/work/video-grab/video-grab/app/NetWarmup.swift /Users/runner/work/video-grab/video-grab/app/NoImageMode.swift /Users/runner/work/video-grab/video-grab/app/Orientation.swift /Users/runner/work/video-grab/video-grab/app/PageError.swift /Users/runner/work/video-grab/video-grab/app/PagePDF.swift /Users/runner/work/video-grab/video-grab/app/PageVideo.swift /Users/runner/work/video-grab/video-grab/app/PasteLinkSheet.swift /Users/runner/work/video-grab/video-grab/app/PhotoSaver.swift /Users/runner/work/video-grab/video-grab/app/PiPProgress.swift /Users/runner/work/video-grab/video-grab/app/PlayerSheet.swift /Users/runner/work/video-grab/video-grab/app/PlaylistAnchor.swift /Users/runner/work/video-grab/video-grab/app/PlaylistRelay.swift /Users/runner/work/video-grab/video-grab/app/PopupAsk.swift /Users/runner/work/video-grab/video-grab/app/PopupMenuView.swift /Users/runner/work/video-grab/video-grab/app/RecycleBinView.swift /Users/runner/work/video-grab/video-grab/app/ScreenAwake.swift /Users/runner/work/video-grab/video-grab/app/SearchEngine.swift /Users/runner/work/video-grab/video-grab/app/SettingsBottomBarPage.swift /Users/runner/work/video-grab/video-grab/app/SettingsPages.swift /Users/runner/work/video-grab/video-grab/app/SettingsSiteRulesPage.swift /Users/runner/work/video-grab/video-grab/app/SettingsUserScriptsPage.swift /Users/runner/work/video-grab/video-grab/app/SettingsView.swift /Users/runner/work/video-grab/video-grab/app/ShareSheet.swift /Users/runner/work/video-grab/video-grab/app/SheetKit.swift /Users/runner/work/video-grab/video-grab/app/SiteRules.swift /Users/runner/work/video-grab/video-grab/app/SortCenterView.swift /Users/runner/work/video-grab/video-grab/app/SourceCard.swift /Users/runner/work/video-grab/video-grab/app/SourceProbe.swift /Users/runner/work/video-grab/video-grab/app/TSRemuxer.swift /Users/runner/work/video-grab/video-grab/app/TabGrid.swift /Users/runner/work/video-grab/video-grab/app/TabStore.swift /Users/runner/work/video-grab/video-grab/app/ThumbLoader.swift /Users/runner/work/video-grab/video-grab/app/Toolbox.swift /Users/runner/work/video-grab/video-grab/app/TrustedHosts.swift /Users/runner/work/video-grab/video-grab/app/UILayout.swift /Users/runner/work/video-grab/video-grab/app/UserScript.swift /Users/runner/work/video-grab/video-grab/app/UserScriptStore.swift /Users/runner/work/video-grab/video-grab/app/VideoGrabApp.swift /Users/runner/work/video-grab/video-grab/app/WatchHistory.swift /Users/runner/work/video-grab/video-grab/app/WatchProgress.swift /Users/runner/work/video-grab/video-grab/app/WebAutoplay.swift /Users/runner/work/video-grab/video-grab/build/Build/Intermediates.noindex/VideoGrab.build/Release-iphoneos/VideoGrab.build/DerivedSources/GeneratedAssetSymbols.swift -supplementary-output-file-map /Users/runner/work/video-grab/video-grab/build/Build/Intermediates.noindex/VideoGrab.build/Release-iphoneos/VideoGrab.build/Objects-normal/arm64/supplementaryOutputs-1 -target arm64-apple-ios15.0 -Xllvm -aarch64-use-tbi -enable-objc-interop -stack-check -sdk /Applications/Xcode_15.4.app/Contents/Developer/Platforms/iPhoneOS.platform/Developer/SDKs/iPhoneOS17.5.sdk -I /Users/runner/work/video-grab/video-grab/build/Build/Products/Release-iphoneos -F /Users/runner/work/video-grab/video-grab/build/Build/Products/Release-iphoneos -no-color-diagnostics -g -module-cache-path /Users/runner/work/video-grab/video-grab/build/ModuleCache.noindex -swift-version 5 -enforce-exclusivity\=checked -O -serialize-debugging-options -const-gather-protocols-file /Users/runner/work/video-grab/video-grab/build/Build/Intermediates.noindex/VideoGrab.build/Release-iphoneos/VideoGrab.build/Objects-normal/arm64/VideoGrab_const_extract_protocols.json -enable-bare-slash-regex -empty-abi-descriptor -validate-clang-modules-once -clang-build-session-file /Users/runner/work/video-grab/video-grab/build/ModuleCache.noindex/Session.modulevalidation -Xcc -working-directory -Xcc /Users/runner/work/video-grab/video-grab -resource-dir /Applications/Xcode_15.4.app/Contents/Developer/Toolchains/XcodeDefault.xctoolchain/usr/lib/swift -Xcc -ivfsstatcache -Xcc /Users/runner/work/video-grab/video-grab/build/SDKStatCaches.noindex/iphoneos17.5-21F77-f0fa7969d082b13145125136a829df3a.sdkstatcache -Xcc -I/Users/runner/work/video-grab/video-grab/build/Build/Intermediates.noindex/VideoGrab.build/Release-iphoneos/VideoGrab.build/swift-overrides.hmap -Xcc -iquote -Xcc /Users/runner/work/video-grab/video-grab/build/Build/Intermediates.noindex/VideoGrab.build/Release-iphoneos/VideoGrab.build/VideoGrab-generated-files.hmap -Xcc -I/Users/runner/work/video-grab/video-grab/build/Build/Intermediates.noindex/VideoGrab.build/Release-iphoneos/VideoGrab.build/VideoGrab-own-target-headers.hmap -Xcc -I/Users/runner/work/video-grab/video-grab/build/Build/Intermediates.noindex/VideoGrab.build/Release-iphoneos/VideoGrab.build/VideoGrab-all-target-headers.hmap -Xcc -iquote -Xcc /Users/runner/work/video-grab/video-grab/build/Build/Intermediates.noindex/VideoGrab.build/Release-iphoneos/VideoGrab.build/VideoGrab-project-headers.hmap -Xcc -I/Users/runner/work/video-grab/video-grab/build/Build/Products/Release-iphoneos/include -Xcc -I/Users/runner/work/video-grab/video-grab/vendor/ltbridge -Xcc -I/Users/runner/work/video-grab/video-grab/build/Build/Intermediates.noindex/VideoGrab.build/Release-iphoneos/VideoGrab.build/DerivedSources-normal/arm64 -Xcc -I/Users/runner/work/video-grab/video-grab/build/Build/Intermediates.noindex/VideoGrab.build/Release-iphoneos/VideoGrab.build/DerivedSources/arm64 -Xcc -I/Users/runner/work/video-grab/video-grab/build/Build/Intermediates.noindex/VideoGrab.build/Release-iphoneos/VideoGrab.build/DerivedSources -import-objc-header /Users/runner/work/video-grab/video-grab/app/VideoGrab-Bridging-Header.h -pch-output-dir /Users/runner/work/video-grab/video-grab/build/Build/Intermediates.noindex/PrecompiledHeaders -module-name VideoGrab -frontend-parseable-output -disable-clang-spi -target-sdk-version 17.5 -target-sdk-name iphoneos17.5 -external-plugin-path /Applications/Xcode_15.4.app/Contents/Developer/Platforms/iPhoneOS.platform/Developer/SDKs/iPhoneOS17.5.sdk/usr/lib/swift/host/plugins\#/Applications/Xcode_15.4.app/Contents/Developer/Platforms/iPhoneOS.platform/Developer/SDKs/iPhoneOS17.5.sdk/usr/bin/swift-plugin-server -external-plugin-path /Applications/Xcode_15.4.app/Contents/Developer/Platforms/iPhoneOS.platform/Developer/SDKs/iPhoneOS17.5.sdk/usr/local/lib/swift/host/plugins\#/Applications/Xcode_15.4.app/Contents/Developer/Platforms/iPhoneOS.platform/Developer/SDKs/iPhoneOS17.5.sdk/usr/bin/swift-plugin-server -external-plugin-path /Applications/Xcode_15.4.app/Contents/Developer/Platforms/iPhoneOS.platform/Developer/usr/lib/swift/host/plugins\#/Applications/Xcode_15.4.app/Contents/Developer/Platforms/iPhoneOS.platform/Developer/usr/bin/swift-plugin-server -external-plugin-path /Applications/Xcode_15.4.app/Contents/Developer/Platforms/iPhoneOS.platform/Developer/usr/local/lib/swift/host/plugins\#/Applications/Xcode_15.4.app/Contents/Developer/Platforms/iPhoneOS.platform/Developer/usr/bin/swift-plugin-server -plugin-path /Applications/Xcode_15.4.app/Contents/Developer/Toolchains/XcodeDefault.xctoolchain/usr/lib/swift/host/plugins -plugin-path /Applications/Xcode_15.4.app/Contents/Developer/Toolchains/XcodeDefault.xctoolchain/usr/local/lib/swift/host/plugins -enable-default-cmo -num-threads 3 -o /Users/runner/work/video-grab/video-grab/build/Build/Intermediates.noindex/VideoGrab.build/Release-iphoneos/VideoGrab.build/Objects-normal/arm64/AVRemux.o -o /Users/runner/work/video-grab/video-grab/build/Build/Intermediates.noindex/VideoGrab.build/Release-iphoneos/VideoGrab.build/Objects-normal/arm64/AdClean.o -o /Users/runner/work/video-grab/video-grab/build/Build/Intermediates.noindex/VideoGrab.build/Release-iphoneos/VideoGrab.build/Objects-normal/arm64/AudioSession.o -o /Users/runner/work/video-grab/video-grab/build/Build/Intermediates.noindex/VideoGrab.build/Release-iphoneos/VideoGrab.build/Objects-normal/arm64/BiliParse.o -o /Users/runner/work/video-grab/video-grab/build/Build/Intermediates.noindex/VideoGrab.build/Release-iphoneos/VideoGrab.build/Objects-normal/arm64/BlockList.o -o /Users/runner/work/video-grab/video-grab/build/Build/Intermediates.noindex/VideoGrab.build/Release-iphoneos/VideoGrab.build/Objects-normal/arm64/BookmarkExporter.o -o /Users/runner/work/video-grab/video-grab/build/Build/Intermediates.noindex/VideoGrab.build/Release-iphoneos/VideoGrab.build/Objects-normal/arm64/BookmarkImporter.o -o /Users/runner/work/video-grab/video-grab/build/Build/Intermediates.noindex/VideoGrab.build/Release-iphoneos/VideoGrab.build/Objects-normal/arm64/Bookmarks.o -o /Users/runner/work/video-grab/video-grab/build/Build/Intermediates.noindex/VideoGrab.build/Release-iphoneos/VideoGrab.build/Objects-normal/arm64/BookmarksView.o -o /Users/runner/work/video-grab/video-grab/build/Build/Intermediates.noindex/VideoGrab.build/Release-iphoneos/VideoGrab.build/Objects-normal/arm64/BrowserModel.o -o /Users/runner/work/video-grab/video-grab/build/Build/Intermediates.noindex/VideoGrab.build/Release-iphoneos/VideoGrab.build/Objects-normal/arm64/BrowserTab.o -o /Users/runner/work/video-grab/video-grab/build/Build/Intermediates.noindex/VideoGrab.build/Release-iphoneos/VideoGrab.build/Objects-normal/arm64/BrowserView.o -o /Users/runner/work/video-grab/video-grab/build/Build/Intermediates.noindex/VideoGrab.build/Release-iphoneos/VideoGrab.build/Objects-normal/arm64/CompressPlan.o -o /Users/runner/work/video-grab/video-grab/build/Build/Intermediates.noindex/VideoGrab.build/Release-iphoneos/VideoGrab.build/Objects-normal/arm64/CompressQueue.o -o /Users/runner/work/video-grab/video-grab/build/Build/Intermediates.noindex/VideoGrab.build/Release-iphoneos/VideoGrab.build/Objects-normal/arm64/CompressSheet.o -o /Users/runner/work/video-grab/video-grab/build/Build/Intermediates.noindex/VideoGrab.build/Release-iphoneos/VideoGrab.build/Objects-normal/arm64/Compressor.o -o /Users/runner/work/video-grab/video-grab/build/Build/Intermediates.noindex/VideoGrab.build/Release-iphoneos/VideoGrab.build/Objects-normal/arm64/ContentView.o -o /Users/runner/work/video-grab/video-grab/build/Build/Intermediates.noindex/VideoGrab.build/Release-iphoneos/VideoGrab.build/Objects-normal/arm64/DataBackup.o -o /Users/runner/work/video-grab/video-grab/build/Build/Intermediates.noindex/VideoGrab.build/Release-iphoneos/VideoGrab.build/Objects-normal/arm64/DownloadJob.o -o /Users/runner/work/video-grab/video-grab/build/Build/Intermediates.noindex/VideoGrab.build/Release-iphoneos/VideoGrab.build/Objects-normal/arm64/Downloader.o -o /Users/runner/work/video-grab/video-grab/build/Build/Intermediates.noindex/VideoGrab.build/Release-iphoneos/VideoGrab.build/Objects-normal/arm64/Exporter.o -o /Users/runner/work/video-grab/video-grab/build/Build/Intermediates.noindex/VideoGrab.build/Release-iphoneos/VideoGrab.build/Objects-normal/arm64/FFmpegConverter.o -o /Users/runner/work/video-grab/video-grab/build/Build/Intermediates.noindex/VideoGrab.build/Release-iphoneos/VideoGrab.build/Objects-normal/arm64/FileBin.o -o /Users/runner/work/video-grab/video-grab/build/Build/Intermediates.noindex/VideoGrab.build/Release-iphoneos/VideoGrab.build/Objects-normal/arm64/FileDownloader.o -o /Users/runner/work/video-grab/video-grab/build/Build/Intermediates.noindex/VideoGrab.build/Release-iphoneos/VideoGrab.build/Objects-normal/arm64/Haptics.o -o /Users/runner/work/video-grab/video-grab/build/Build/Intermediates.noindex/VideoGrab.build/Release-iphoneos/VideoGrab.build/Objects-normal/arm64/HomePageView.o -o /Users/runner/work/video-grab/video-grab/build/Build/Intermediates.noindex/VideoGrab.build/Release-iphoneos/VideoGrab.build/Objects-normal/arm64/HomeShortcuts.o -o /Users/runner/work/video-grab/video-grab/build/Build/Intermediates.noindex/VideoGrab.build/Release-iphoneos/VideoGrab.build/Objects-normal/arm64/Importer.o -o /Users/runner/work/video-grab/video-grab/build/Build/Intermediates.noindex/VideoGrab.build/Release-iphoneos/VideoGrab.build/Objects-normal/arm64/JobStore.o -o /Users/runner/work/video-grab/video-grab/build/Build/Intermediates.noindex/VideoGrab.build/Release-iphoneos/VideoGrab.build/Objects-normal/arm64/LanPage.o -o /Users/runner/work/video-grab/video-grab/build/Build/Intermediates.noindex/VideoGrab.build/Release-iphoneos/VideoGrab.build/Objects-normal/arm64/LinkGrabber.o -o /Users/runner/work/video-grab/video-grab/build/Build/Intermediates.noindex/VideoGrab.build/Release-iphoneos/VideoGrab.build/Objects-normal/arm64/LinkText.o -o /Users/runner/work/video-grab/video-grab/build/Build/Intermediates.noindex/VideoGrab.build/Release-iphoneos/VideoGrab.build/Objects-normal/arm64/LivePreview.o -o /Users/runner/work/video-grab/video-grab/build/Build/Intermediates.noindex/VideoGrab.build/Release-iphoneos/VideoGrab.build/Objects-normal/arm64/LocalHTTPServer.o -o /Users/runner/work/video-grab/video-grab/build/Build/Intermediates.noindex/VideoGrab.build/Release-iphoneos/VideoGrab.build/Objects-normal/arm64/LongPressMenu.o -o /Users/runner/work/video-grab/video-grab/build/Build/Intermediates.noindex/VideoGrab.build/Release-iphoneos/VideoGrab.build/Objects-normal/arm64/M3U8.o -o /Users/runner/work/video-grab/video-grab/build/Build/Intermediates.noindex/VideoGrab.build/Release-iphoneos/VideoGrab.build/Objects-normal/arm64/MagnetCard.o -o /Users/runner/work/video-grab/video-grab/build/Build/Intermediates.noindex/VideoGrab.build/Release-iphoneos/VideoGrab.build/Objects-normal/arm64/MagnetEngine.o -o /Users/runner/work/video-grab/video-grab/build/Build/Intermediates.noindex/VideoGrab.build/Release-iphoneos/VideoGrab.build/Objects-normal/arm64/MagnetStatus.o -o /Users/runner/work/video-grab/video-grab/build/Build/Intermediates.noindex/VideoGrab.build/Release-iphoneos/VideoGrab.build/Objects-normal/arm64/MediaProxy.o -o /Users/runner/work/video-grab/video-grab/build/Build/Intermediates.noindex/VideoGrab.build/Release-iphoneos/VideoGrab.build/Objects-normal/arm64/MergeQueue.o -o /Users/runner/work/video-grab/video-grab/build/Build/Intermediates.noindex/VideoGrab.build/Release-iphoneos/VideoGrab.build/Objects-normal/arm64/MergeSheet.o -o /Users/runner/work/video-grab/video-grab/build/Build/Intermediates.noindex/VideoGrab.build/Release-iphoneos/VideoGrab.build/Objects-normal/arm64/Merger.o -o /Users/runner/work/video-grab/video-grab/build/Build/Intermediates.noindex/VideoGrab.build/Release-iphoneos/VideoGrab.build/Objects-normal/arm64/NetWarmup.o -o /Users/runner/work/video-grab/video-grab/build/Build/Intermediates.noindex/VideoGrab.build/Release-iphoneos/VideoGrab.build/Objects-normal/arm64/NoImageMode.o -o /Users/runner/work/video-grab/video-grab/build/Build/Intermediates.noindex/VideoGrab.build/Release-iphoneos/VideoGrab.build/Objects-normal/arm64/Orientation.o -o /Users/runner/work/video-grab/video-grab/build/Build/Intermediates.noindex/VideoGrab.build/Release-iphoneos/VideoGrab.build/Objects-normal/arm64/PageError.o -o /Users/runner/work/video-grab/video-grab/build/Build/Intermediates.noindex/VideoGrab.build/Release-iphoneos/VideoGrab.build/Objects-normal/arm64/PagePDF.o -o /Users/runner/work/video-grab/video-grab/build/Build/Intermediates.noindex/VideoGrab.build/Release-iphoneos/VideoGrab.build/Objects-normal/arm64/PageVideo.o -o /Users/runner/work/video-grab/video-grab/build/Build/Intermediates.noindex/VideoGrab.build/Release-iphoneos/VideoGrab.build/Objects-normal/arm64/PasteLinkSheet.o -o /Users/runner/work/video-grab/video-grab/build/Build/Intermediates.noindex/VideoGrab.build/Release-iphoneos/VideoGrab.build/Objects-normal/arm64/PhotoSaver.o -o /Users/runner/work/video-grab/video-grab/build/Build/Intermediates.noindex/VideoGrab.build/Release-iphoneos/VideoGrab.build/Objects-normal/arm64/PiPProgress.o -o /Users/runner/work/video-grab/video-grab/build/Build/Intermediates.noindex/VideoGrab.build/Release-iphoneos/VideoGrab.build/Objects-normal/arm64/PlayerSheet.o -o /Users/runner/work/video-grab/video-grab/build/Build/Intermediates.noindex/VideoGrab.build/Release-iphoneos/VideoGrab.build/Objects-normal/arm64/PlaylistAnchor.o -o /Users/runner/work/video-grab/video-grab/build/Build/Intermediates.noindex/VideoGrab.build/Release-iphoneos/VideoGrab.build/Objects-normal/arm64/PlaylistRelay.o -o /Users/runner/work/video-grab/video-grab/build/Build/Intermediates.noindex/VideoGrab.build/Release-iphoneos/VideoGrab.build/Objects-normal/arm64/PopupAsk.o -o /Users/runner/work/video-grab/video-grab/build/Build/Intermediates.noindex/VideoGrab.build/Release-iphoneos/VideoGrab.build/Objects-normal/arm64/PopupMenuView.o -o /Users/runner/work/video-grab/video-grab/build/Build/Intermediates.noindex/VideoGrab.build/Release-iphoneos/VideoGrab.build/Objects-normal/arm64/RecycleBinView.o -o /Users/runner/work/video-grab/video-grab/build/Build/Intermediates.noindex/VideoGrab.build/Release-iphoneos/VideoGrab.build/Objects-normal/arm64/ScreenAwake.o -o /Users/runner/work/video-grab/video-grab/build/Build/Intermediates.noindex/VideoGrab.build/Release-iphoneos/VideoGrab.build/Objects-normal/arm64/SearchEngine.o -o /Users/runner/work/video-grab/video-grab/build/Build/Intermediates.noindex/VideoGrab.build/Release-iphoneos/VideoGrab.build/Objects-normal/arm64/SettingsBottomBarPage.o -o /Users/runner/work/video-grab/video-grab/build/Build/Intermediates.noindex/VideoGrab.build/Release-iphoneos/VideoGrab.build/Objects-normal/arm64/SettingsPages.o -o /Users/runner/work/video-grab/video-grab/build/Build/Intermediates.noindex/VideoGrab.build/Release-iphoneos/VideoGrab.build/Objects-normal/arm64/SettingsSiteRulesPage.o -o /Users/runner/work/video-grab/video-grab/build/Build/Intermediates.noindex/VideoGrab.build/Release-iphoneos/VideoGrab.build/Objects-normal/arm64/SettingsUserScriptsPage.o -o /Users/runner/work/video-grab/video-grab/build/Build/Intermediates.noindex/VideoGrab.build/Release-iphoneos/VideoGrab.build/Objects-normal/arm64/SettingsView.o -o /Users/runner/work/video-grab/video-grab/build/Build/Intermediates.noindex/VideoGrab.build/Release-iphoneos/VideoGrab.build/Objects-normal/arm64/ShareSheet.o -o /Users/runner/work/video-grab/video-grab/build/Build/Intermediates.noindex/VideoGrab.build/Release-iphoneos/VideoGrab.build/Objects-normal/arm64/SheetKit.o -o /Users/runner/work/video-grab/video-grab/build/Build/Intermediates.noindex/VideoGrab.build/Release-iphoneos/VideoGrab.build/Objects-normal/arm64/SiteRules.o -o /Users/runner/work/video-grab/video-grab/build/Build/Intermediates.noindex/VideoGrab.build/Release-iphoneos/VideoGrab.build/Objects-normal/arm64/SortCenterView.o -o /Users/runner/work/video-grab/video-grab/build/Build/Intermediates.noindex/VideoGrab.build/Release-iphoneos/VideoGrab.build/Objects-normal/arm64/SourceCard.o -o /Users/runner/work/video-grab/video-grab/build/Build/Intermediates.noindex/VideoGrab.build/Release-iphoneos/VideoGrab.build/Objects-normal/arm64/SourceProbe.o -o /Users/runner/work/video-grab/video-grab/build/Build/Intermediates.noindex/VideoGrab.build/Release-iphoneos/VideoGrab.build/Objects-normal/arm64/TSRemuxer.o -o /Users/runner/work/video-grab/video-grab/build/Build/Intermediates.noindex/VideoGrab.build/Release-iphoneos/VideoGrab.build/Objects-normal/arm64/TabGrid.o -o /Users/runner/work/video-grab/video-grab/build/Build/Intermediates.noindex/VideoGrab.build/Release-iphoneos/VideoGrab.build/Objects-normal/arm64/TabStore.o -o /Users/runner/work/video-grab/video-grab/build/Build/Intermediates.noindex/VideoGrab.build/Release-iphoneos/VideoGrab.build/Objects-normal/arm64/ThumbLoader.o -o /Users/runner/work/video-grab/video-grab/build/Build/Intermediates.noindex/VideoGrab.build/Release-iphoneos/VideoGrab.build/Objects-normal/arm64/Toolbox.o -o /Users/runner/work/video-grab/video-grab/build/Build/Intermediates.noindex/VideoGrab.build/Release-iphoneos/VideoGrab.build/Objects-normal/arm64/TrustedHosts.o -o /Users/runner/work/video-grab/video-grab/build/Build/Intermediates.noindex/VideoGrab.build/Release-iphoneos/VideoGrab.build/Objects-normal/arm64/UILayout.o -o /Users/runner/work/video-grab/video-grab/build/Build/Intermediates.noindex/VideoGrab.build/Release-iphoneos/VideoGrab.build/Objects-normal/arm64/UserScript.o -o /Users/runner/work/video-grab/video-grab/build/Build/Intermediates.noindex/VideoGrab.build/Release-iphoneos/VideoGrab.build/Objects-normal/arm64/UserScriptStore.o -o /Users/runner/work/video-grab/video-grab/build/Build/Intermediates.noindex/VideoGrab.build/Release-iphoneos/VideoGrab.build/Objects-normal/arm64/VideoGrabApp.o -o /Users/runner/work/video-grab/video-grab/build/Build/Intermediates.noindex/VideoGrab.build/Release-iphoneos/VideoGrab.build/Objects-normal/arm64/WatchHistory.o -o /Users/runner/work/video-grab/video-grab/build/Build/Intermediates.noindex/VideoGrab.build/Release-iphoneos/VideoGrab.build/Objects-normal/arm64/WatchProgress.o -o /Users/runner/work/video-grab/video-grab/build/Build/Intermediates.noindex/VideoGrab.build/Release-iphoneos/VideoGrab.build/Objects-normal/arm64/WebAutoplay.o -o /Users/runner/work/video-grab/video-grab/build/Build/Intermediates.noindex/VideoGrab.build/Release-iphoneos/VideoGrab.build/Objects-normal/arm64/GeneratedAssetSymbols.o -index-unit-output-path /VideoGrab.build/Release-iphoneos/VideoGrab.build/Objects-normal/arm64/AVRemux.o -index-unit-output-path /VideoGrab.build/Release-iphoneos/VideoGrab.build/Objects-normal/arm64/AdClean.o -index-unit-output-path /VideoGrab.build/Release-iphoneos/VideoGrab.build/Objects-normal/arm64/AudioSession.o -index-unit-output-path /VideoGrab.build/Release-iphoneos/VideoGrab.build/Objects-normal/arm64/BiliParse.o -index-unit-output-path /VideoGrab.build/Release-iphoneos/VideoGrab.build/Objects-normal/arm64/BlockList.o -index-unit-output-path /VideoGrab.build/Release-iphoneos/VideoGrab.build/Objects-normal/arm64/BookmarkExporter.o -index-unit-output-path /VideoGrab.build/Release-iphoneos/VideoGrab.build/Objects-normal/arm64/BookmarkImporter.o -index-unit-output-path /VideoGrab.build/Release-iphoneos/VideoGrab.build/Objects-normal/arm64/Bookmarks.o -index-unit-output-path /VideoGrab.build/Release-iphoneos/VideoGrab.build/Objects-normal/arm64/BookmarksView.o -index-unit-output-path /VideoGrab.build/Release-iphoneos/VideoGrab.build/Objects-normal/arm64/BrowserModel.o -index-unit-output-path /VideoGrab.build/Release-iphoneos/VideoGrab.build/Objects-normal/arm64/BrowserTab.o -index-unit-output-path /VideoGrab.build/Release-iphoneos/VideoGrab.build/Objects-normal/arm64/BrowserView.o -index-unit-output-path /VideoGrab.build/Release-iphoneos/VideoGrab.build/Objects-normal/arm64/CompressPlan.o -index-unit-output-path /VideoGrab.build/Release-iphoneos/VideoGrab.build/Objects-normal/arm64/CompressQueue.o -index-unit-output-path /VideoGrab.build/Release-iphoneos/VideoGrab.build/Objects-normal/arm64/CompressSheet.o -index-unit-output-path /VideoGrab.build/Release-iphoneos/VideoGrab.build/Objects-normal/arm64/Compressor.o -index-unit-output-path /VideoGrab.build/Release-iphoneos/VideoGrab.build/Objects-normal/arm64/ContentView.o -index-unit-output-path /VideoGrab.build/Release-iphoneos/VideoGrab.build/Objects-normal/arm64/DataBackup.o -index-unit-output-path /VideoGrab.build/Release-iphoneos/VideoGrab.build/Objects-normal/arm64/DownloadJob.o -index-unit-output-path /VideoGrab.build/Release-iphoneos/VideoGrab.build/Objects-normal/arm64/Downloader.o -index-unit-output-path /VideoGrab.build/Release-iphoneos/VideoGrab.build/Objects-normal/arm64/Exporter.o -index-unit-output-path /VideoGrab.build/Release-iphoneos/VideoGrab.build/Objects-normal/arm64/FFmpegConverter.o -index-unit-output-path /VideoGrab.build/Release-iphoneos/VideoGrab.build/Objects-normal/arm64/FileBin.o -index-unit-output-path /VideoGrab.build/Release-iphoneos/VideoGrab.build/Objects-normal/arm64/FileDownloader.o -index-unit-output-path /VideoGrab.build/Release-iphoneos/VideoGrab.build/Objects-normal/arm64/Haptics.o -index-unit-output-path /VideoGrab.build/Release-iphoneos/VideoGrab.build/Objects-normal/arm64/HomePageView.o -index-unit-output-path /VideoGrab.build/Release-iphoneos/VideoGrab.build/Objects-normal/arm64/HomeShortcuts.o -index-unit-output-path /VideoGrab.build/Release-iphoneos/VideoGrab.build/Objects-normal/arm64/Importer.o -index-unit-output-path /VideoGrab.build/Release-iphoneos/VideoGrab.build/Objects-normal/arm64/JobStore.o -index-unit-output-path /VideoGrab.build/Release-iphoneos/VideoGrab.build/Objects-normal/arm64/LanPage.o -index-unit-output-path /VideoGrab.build/Release-iphoneos/VideoGrab.build/Objects-normal/arm64/LinkGrabber.o -index-unit-output-path /VideoGrab.build/Release-iphoneos/VideoGrab.build/Objects-normal/arm64/LinkText.o -index-unit-output-path /VideoGrab.build/Release-iphoneos/VideoGrab.build/Objects-normal/arm64/LivePreview.o -index-unit-output-path /VideoGrab.build/Release-iphoneos/VideoGrab.build/Objects-normal/arm64/LocalHTTPServer.o -index-unit-output-path /VideoGrab.build/Release-iphoneos/VideoGrab.build/Objects-normal/arm64/LongPressMenu.o -index-unit-output-path /VideoGrab.build/Release-iphoneos/VideoGrab.build/Objects-normal/arm64/M3U8.o -index-unit-output-path /VideoGrab.build/Release-iphoneos/VideoGrab.build/Objects-normal/arm64/MagnetCard.o -index-unit-output-path /VideoGrab.build/Release-iphoneos/VideoGrab.build/Objects-normal/arm64/MagnetEngine.o -index-unit-output-path /VideoGrab.build/Release-iphoneos/VideoGrab.build/Objects-normal/arm64/MagnetStatus.o -index-unit-output-path /VideoGrab.build/Release-iphoneos/VideoGrab.build/Objects-normal/arm64/MediaProxy.o -index-unit-output-path /VideoGrab.build/Release-iphoneos/VideoGrab.build/Objects-normal/arm64/MergeQueue.o -index-unit-output-path /VideoGrab.build/Release-iphoneos/VideoGrab.build/Objects-normal/arm64/MergeSheet.o -index-unit-output-path /VideoGrab.build/Release-iphoneos/VideoGrab.build/Objects-normal/arm64/Merger.o -index-unit-output-path /VideoGrab.build/Release-iphoneos/VideoGrab.build/Objects-normal/arm64/NetWarmup.o -index-unit-output-path /VideoGrab.build/Release-iphoneos/VideoGrab.build/Objects-normal/arm64/NoImageMode.o -index-unit-output-path /VideoGrab.build/Release-iphoneos/VideoGrab.build/Objects-normal/arm64/Orientation.o -index-unit-output-path /VideoGrab.build/Release-iphoneos/VideoGrab.build/Objects-normal/arm64/PageError.o -index-unit-output-path /VideoGrab.build/Release-iphoneos/VideoGrab.build/Objects-normal/arm64/PagePDF.o -index-unit-output-path /VideoGrab.build/Release-iphoneos/VideoGrab.build/Objects-normal/arm64/PageVideo.o -index-unit-output-path /VideoGrab.build/Release-iphoneos/VideoGrab.build/Objects-normal/arm64/PasteLinkSheet.o -index-unit-output-path /VideoGrab.build/Release-iphoneos/VideoGrab.build/Objects-normal/arm64/PhotoSaver.o -index-unit-output-path /VideoGrab.build/Release-iphoneos/VideoGrab.build/Objects-normal/arm64/PiPProgress.o -index-unit-output-path /VideoGrab.build/Release-iphoneos/VideoGrab.build/Objects-normal/arm64/PlayerSheet.o -index-unit-output-path /VideoGrab.build/Release-iphoneos/VideoGrab.build/Objects-normal/arm64/PlaylistAnchor.o -index-unit-output-path /VideoGrab.build/Release-iphoneos/VideoGrab.build/Objects-normal/arm64/PlaylistRelay.o -index-unit-output-path /VideoGrab.build/Release-iphoneos/VideoGrab.build/Objects-normal/arm64/PopupAsk.o -index-unit-output-path /VideoGrab.build/Release-iphoneos/VideoGrab.build/Objects-normal/arm64/PopupMenuView.o -index-unit-output-path /VideoGrab.build/Release-iphoneos/VideoGrab.build/Objects-normal/arm64/RecycleBinView.o -index-unit-output-path /VideoGrab.build/Release-iphoneos/VideoGrab.build/Objects-normal/arm64/ScreenAwake.o -index-unit-output-path /VideoGrab.build/Release-iphoneos/VideoGrab.build/Objects-normal/arm64/SearchEngine.o -index-unit-output-path /VideoGrab.build/Release-iphoneos/VideoGrab.build/Objects-normal/arm64/SettingsBottomBarPage.o -index-unit-output-path /VideoGrab.build/Release-iphoneos/VideoGrab.build/Objects-normal/arm64/SettingsPages.o -index-unit-output-path /VideoGrab.build/Release-iphoneos/VideoGrab.build/Objects-normal/arm64/SettingsSiteRulesPage.o -index-unit-output-path /VideoGrab.build/Release-iphoneos/VideoGrab.build/Objects-normal/arm64/SettingsUserScriptsPage.o -index-unit-output-path /VideoGrab.build/Release-iphoneos/VideoGrab.build/Objects-normal/arm64/SettingsView.o -index-unit-output-path /VideoGrab.build/Release-iphoneos/VideoGrab.build/Objects-normal/arm64/ShareSheet.o -index-unit-output-path /VideoGrab.build/Release-iphoneos/VideoGrab.build/Objects-normal/arm64/SheetKit.o -index-unit-output-path /VideoGrab.build/Release-iphoneos/VideoGrab.build/Objects-normal/arm64/SiteRules.o -index-unit-output-path /VideoGrab.build/Release-iphoneos/VideoGrab.build/Objects-normal/arm64/SortCenterView.o -index-unit-output-path /VideoGrab.build/Release-iphoneos/VideoGrab.build/Objects-normal/arm64/SourceCard.o -index-unit-output-path /VideoGrab.build/Release-iphoneos/VideoGrab.build/Objects-normal/arm64/SourceProbe.o -index-unit-output-path /VideoGrab.build/Release-iphoneos/VideoGrab.build/Objects-normal/arm64/TSRemuxer.o -index-unit-output-path /VideoGrab.build/Release-iphoneos/VideoGrab.build/Objects-normal/arm64/TabGrid.o -index-unit-output-path /VideoGrab.build/Release-iphoneos/VideoGrab.build/Objects-normal/arm64/TabStore.o -index-unit-output-path /VideoGrab.build/Release-iphoneos/VideoGrab.build/Objects-normal/arm64/ThumbLoader.o -index-unit-output-path /VideoGrab.build/Release-iphoneos/VideoGrab.build/Objects-normal/arm64/Toolbox.o -index-unit-output-path /VideoGrab.build/Release-iphoneos/VideoGrab.build/Objects-normal/arm64/TrustedHosts.o -index-unit-output-path /VideoGrab.build/Release-iphoneos/VideoGrab.build/Objects-normal/arm64/UILayout.o -index-unit-output-path /VideoGrab.build/Release-iphoneos/VideoGrab.build/Objects-normal/arm64/UserScript.o -index-unit-output-path /VideoGrab.build/Release-iphoneos/VideoGrab.build/Objects-normal/arm64/UserScriptStore.o -index-unit-output-path /VideoGrab.build/Release-iphoneos/VideoGrab.build/Objects-normal/arm64/VideoGrabApp.o -index-unit-output-path /VideoGrab.build/Release-iphoneos/VideoGrab.build/Objects-normal/arm64/WatchHistory.o -index-unit-output-path /VideoGrab.build/Release-iphoneos/VideoGrab.build/Objects-normal/arm64/WatchProgress.o -index-unit-output-path /VideoGrab.build/Release-iphoneos/VideoGrab.build/Objects-normal/arm64/WebAutoplay.o -index-unit-output-path /VideoGrab.build/Release-iphoneos/VideoGrab.build/Objects-normal/arm64/GeneratedAssetSymbols.o
/Users/runner/work/video-grab/video-grab/app/BrowserModel.swift:2454:23: warning: immutable value 'link' was never used; consider replacing with '_' or removing it
            guard let link, !s.isEmpty, Self.looksLikeMedia(s) else {
                  ~~~~^~~~
                  _
/Users/runner/work/video-grab/video-grab/app/DownloadJob.swift:794:13: warning: initialization of immutable value 'fm' was never used; consider replacing with assignment to '_' or removing it
        let fm = FileManager.default
        ~~~~^~
        _
/Users/runner/work/video-grab/video-grab/app/LocalHTTPServer.swift:712:13: warning: variable 'partial' was written to, but never read
        var partial = false
            ^
/Users/runner/work/video-grab/video-grab/app/PlayerSheet.swift:776:48: warning: string interpolation produces a debug description for an optional value; did you mean to make this explicit?
                var line = "\n失败请求：\(ev.uri)"
/Users/runner/work/video-grab/video-grab/app/PlayerSheet.swift:776:51: note: use 'String(describing:)' to silence this warning
                var line = "\n失败请求：\(ev.uri)"
/Users/runner/work/video-grab/video-grab/app/PlayerSheet.swift:776:51: note: provide a default value to avoid this warning
                var line = "\n失败请求：\(ev.uri)"
/Users/runner/work/video-grab/video-grab/app/PlaylistRelay.swift:279:13: warning: initialization of immutable value 'matched' was never used; consider replacing with assignment to '_' or removing it
        let matched = picked?.matched ?? 0
        ~~~~^~~~~~~
        _
/Users/runner/work/video-grab/video-grab/app/PlaylistRelay.swift:280:13: warning: initialization of immutable value 'missed' was never used; consider replacing with assignment to '_' or removing it
        let missed = picked?.missed ?? 0
        ~~~~^~~~~~
        _

ProcessInfoPlistFile /Users/runner/work/video-grab/video-grab/build/Build/Products/Release-iphoneos/VideoGrab.app/Info.plist /Users/runner/work/video-grab/video-grab/app/Info.plist (in target 'VideoGrab' from project 'VideoGrab')
    cd /Users/runner/work/video-grab/video-grab
    builtin-infoPlistUtility /Users/runner/work/video-grab/video-grab/app/Info.plist -producttype com.apple.product-type.application -genpkginfo /Users/runner/work/video-grab/video-grab/build/Build/Products/Release-iphoneos/VideoGrab.app/PkgInfo -expandbuildsettings -format binary -platform iphoneos -additionalcontentfile /Users/runner/work/video-grab/video-grab/build/Build/Intermediates.noindex/VideoGrab.build/Release-iphoneos/VideoGrab.build/assetcatalog_generated_info.plist -requiredArchitecture arm64 -o /Users/runner/work/video-grab/video-grab/build/Build/Products/Release-iphoneos/VideoGrab.app/Info.plist

SwiftDriverJobDiscovery normal arm64 Compiling AVRemux.swift, AdClean.swift, AudioSession.swift, BiliParse.swift, BlockList.swift, BookmarkExporter.swift, BookmarkImporter.swift, Bookmarks.swift, BookmarksView.swift, BrowserModel.swift, BrowserTab.swift, BrowserView.swift, CompressPlan.swift, CompressQueue.swift, CompressSheet.swift, Compressor.swift, ContentView.swift, DataBackup.swift, DownloadJob.swift, Downloader.swift, Exporter.swift, FFmpegConverter.swift, FileBin.swift, FileDownloader.swift, Haptics.swift, HomePageView.swift, HomeShortcuts.swift, Importer.swift, JobStore.swift, LanPage.swift, LinkGrabber.swift, LinkText.swift, LivePreview.swift, LocalHTTPServer.swift, LongPressMenu.swift, M3U8.swift, MagnetCard.swift, MagnetEngine.swift, MagnetStatus.swift, MediaProxy.swift, MergeQueue.swift, MergeSheet.swift, Merger.swift, NetWarmup.swift, NoImageMode.swift, Orientation.swift, PageError.swift, PagePDF.swift, PageVideo.swift, PasteLinkSheet.swift, PhotoSaver.swift, PiPProgress.swift, PlayerSheet.swift, PlaylistAnchor.swift, PlaylistRelay.swift, PopupAsk.swift, PopupMenuView.swift, RecycleBinView.swift, ScreenAwake.swift, SearchEngine.swift, SettingsBottomBarPage.swift, SettingsPages.swift, SettingsSiteRulesPage.swift, SettingsUserScriptsPage.swift, SettingsView.swift, ShareSheet.swift, SheetKit.swift, SiteRules.swift, SortCenterView.swift, SourceCard.swift, SourceProbe.swift, TSRemuxer.swift, TabGrid.swift, TabStore.swift, ThumbLoader.swift, Toolbox.swift, TrustedHosts.swift, UILayout.swift, UserScript.swift, UserScriptStore.swift, VideoGrabApp.swift, WatchHistory.swift, WatchProgress.swift, WebAutoplay.swift, GeneratedAssetSymbols.swift (in target 'VideoGrab' from project 'VideoGrab')

SwiftDriver\ Compilation\ Requirements VideoGrab normal arm64 com.apple.xcode.tools.swift.compiler (in target 'VideoGrab' from project 'VideoGrab')
    cd /Users/runner/work/video-grab/video-grab
    builtin-Swift-Compilation-Requirements -- /Applications/Xcode_15.4.app/Contents/Developer/Toolchains/XcodeDefault.xctoolchain/usr/bin/swiftc -module-name VideoGrab -O -whole-module-optimization -enforce-exclusivity\=checked @/Users/runner/work/video-grab/video-grab/build/Build/Intermediates.noindex/VideoGrab.build/Release-iphoneos/VideoGrab.build/Objects-normal/arm64/VideoGrab.SwiftFileList -sdk /Applications/Xcode_15.4.app/Contents/Developer/Platforms/iPhoneOS.platform/Developer/SDKs/iPhoneOS17.5.sdk -target arm64-apple-ios15.0 -enable-bare-slash-regex -g -module-cache-path /Users/runner/work/video-grab/video-grab/build/ModuleCache.noindex -Xfrontend -serialize-debugging-options -swift-version 5 -I /Users/runner/work/video-grab/video-grab/build/Build/Products/Release-iphoneos -F /Users/runner/work/video-grab/video-grab/build/Build/Products/Release-iphoneos -c -num-threads 3 -Xcc -ivfsstatcache -Xcc /Users/runner/work/video-grab/video-grab/build/SDKStatCaches.noindex/iphoneos17.5-21F77-f0fa7969d082b13145125136a829df3a.sdkstatcache -output-file-map /Users/runner/work/video-grab/video-grab/build/Build/Intermediates.noindex/VideoGrab.build/Release-iphoneos/VideoGrab.build/Objects-normal/arm64/VideoGrab-OutputFileMap.json -use-frontend-parseable-output -save-temps -no-color-diagnostics -serialize-diagnostics -emit-dependencies -emit-module -emit-module-path /Users/runner/work/video-grab/video-grab/build/Build/Intermediates.noindex/VideoGrab.build/Release-iphoneos/VideoGrab.build/Objects-normal/arm64/VideoGrab.swiftmodule -validate-clang-modules-once -clang-build-session-file /Users/runner/work/video-grab/video-grab/build/ModuleCache.noindex/Session.modulevalidation -Xcc -I/Users/runner/work/video-grab/video-grab/build/Build/Intermediates.noindex/VideoGrab.build/Release-iphoneos/VideoGrab.build/swift-overrides.hmap -emit-const-values -Xfrontend -const-gather-protocols-file -Xfrontend /Users/runner/work/video-grab/video-grab/build/Build/Intermediates.noindex/VideoGrab.build/Release-iphoneos/VideoGrab.build/Objects-normal/arm64/VideoGrab_const_extract_protocols.json -Xcc -iquote -Xcc /Users/runner/work/video-grab/video-grab/build/Build/Intermediates.noindex/VideoGrab.build/Release-iphoneos/VideoGrab.build/VideoGrab-generated-files.hmap -Xcc -I/Users/runner/work/video-grab/video-grab/build/Build/Intermediates.noindex/VideoGrab.build/Release-iphoneos/VideoGrab.build/VideoGrab-own-target-headers.hmap -Xcc -I/Users/runner/work/video-grab/video-grab/build/Build/Intermediates.noindex/VideoGrab.build/Release-iphoneos/VideoGrab.build/VideoGrab-all-target-headers.hmap -Xcc -iquote -Xcc /Users/runner/work/video-grab/video-grab/build/Build/Intermediates.noindex/VideoGrab.build/Release-iphoneos/VideoGrab.build/VideoGrab-project-headers.hmap -Xcc -I/Users/runner/work/video-grab/video-grab/build/Build/Products/Release-iphoneos/include -Xcc -I/Users/runner/work/video-grab/video-grab/vendor/ltbridge -Xcc -I/Users/runner/work/video-grab/video-grab/build/Build/Intermediates.noindex/VideoGrab.build/Release-iphoneos/VideoGrab.build/DerivedSources-normal/arm64 -Xcc -I/Users/runner/work/video-grab/video-grab/build/Build/Intermediates.noindex/VideoGrab.build/Release-iphoneos/VideoGrab.build/DerivedSources/arm64 -Xcc -I/Users/runner/work/video-grab/video-grab/build/Build/Intermediates.noindex/VideoGrab.build/Release-iphoneos/VideoGrab.build/DerivedSources -emit-objc-header -emit-objc-header-path /Users/runner/work/video-grab/video-grab/build/Build/Intermediates.noindex/VideoGrab.build/Release-iphoneos/VideoGrab.build/Objects-normal/arm64/VideoGrab-Swift.h -import-objc-header /Users/runner/work/video-grab/video-grab/app/VideoGrab-Bridging-Header.h -pch-output-dir /Users/runner/work/video-grab/video-grab/build/Build/Intermediates.noindex/PrecompiledHeaders -working-directory /Users/runner/work/video-grab/video-grab -no-emit-module-separately-wmo

SwiftMergeGeneratedHeaders /Users/runner/work/video-grab/video-grab/build/Build/Intermediates.noindex/VideoGrab.build/Release-iphoneos/VideoGrab.build/DerivedSources/VideoGrab-Swift.h /Users/runner/work/video-grab/video-grab/build/Build/Intermediates.noindex/VideoGrab.build/Release-iphoneos/VideoGrab.build/Objects-normal/arm64/VideoGrab-Swift.h (in target 'VideoGrab' from project 'VideoGrab')
    cd /Users/runner/work/video-grab/video-grab
    builtin-swiftHeaderTool -arch arm64 /Users/runner/work/video-grab/video-grab/build/Build/Intermediates.noindex/VideoGrab.build/Release-iphoneos/VideoGrab.build/Objects-normal/arm64/VideoGrab-Swift.h -o /Users/runner/work/video-grab/video-grab/build/Build/Intermediates.noindex/VideoGrab.build/Release-iphoneos/VideoGrab.build/DerivedSources/VideoGrab-Swift.h

Copy /Users/runner/work/video-grab/video-grab/build/Build/Products/Release-iphoneos/VideoGrab.swiftmodule/arm64-apple-ios.swiftmodule /Users/runner/work/video-grab/video-grab/build/Build/Intermediates.noindex/VideoGrab.build/Release-iphoneos/VideoGrab.build/Objects-normal/arm64/VideoGrab.swiftmodule (in target 'VideoGrab' from project 'VideoGrab')
    cd /Users/runner/work/video-grab/video-grab
    builtin-copy -exclude .DS_Store -exclude CVS -exclude .svn -exclude .git -exclude .hg -resolve-src-symlinks -rename /Users/runner/work/video-grab/video-grab/build/Build/Intermediates.noindex/VideoGrab.build/Release-iphoneos/VideoGrab.build/Objects-normal/arm64/VideoGrab.swiftmodule /Users/runner/work/video-grab/video-grab/build/Build/Products/Release-iphoneos/VideoGrab.swiftmodule/arm64-apple-ios.swiftmodule

Copy /Users/runner/work/video-grab/video-grab/build/Build/Products/Release-iphoneos/VideoGrab.swiftmodule/arm64-apple-ios.swiftdoc /Users/runner/work/video-grab/video-grab/build/Build/Intermediates.noindex/VideoGrab.build/Release-iphoneos/VideoGrab.build/Objects-normal/arm64/VideoGrab.swiftdoc (in target 'VideoGrab' from project 'VideoGrab')
    cd /Users/runner/work/video-grab/video-grab
    builtin-copy -exclude .DS_Store -exclude CVS -exclude .svn -exclude .git -exclude .hg -resolve-src-symlinks -rename /Users/runner/work/video-grab/video-grab/build/Build/Intermediates.noindex/VideoGrab.build/Release-iphoneos/VideoGrab.build/Objects-normal/arm64/VideoGrab.swiftdoc /Users/runner/work/video-grab/video-grab/build/Build/Products/Release-iphoneos/VideoGrab.swiftmodule/arm64-apple-ios.swiftdoc

Copy /Users/runner/work/video-grab/video-grab/build/Build/Products/Release-iphoneos/VideoGrab.swiftmodule/arm64-apple-ios.abi.json /Users/runner/work/video-grab/video-grab/build/Build/Intermediates.noindex/VideoGrab.build/Release-iphoneos/VideoGrab.build/Objects-normal/arm64/VideoGrab.abi.json (in target 'VideoGrab' from project 'VideoGrab')
    cd /Users/runner/work/video-grab/video-grab
    builtin-copy -exclude .DS_Store -exclude CVS -exclude .svn -exclude .git -exclude .hg -resolve-src-symlinks -rename /Users/runner/work/video-grab/video-grab/build/Build/Intermediates.noindex/VideoGrab.build/Release-iphoneos/VideoGrab.build/Objects-normal/arm64/VideoGrab.abi.json /Users/runner/work/video-grab/video-grab/build/Build/Products/Release-iphoneos/VideoGrab.swiftmodule/arm64-apple-ios.abi.json

Copy /Users/runner/work/video-grab/video-grab/build/Build/Products/Release-iphoneos/VideoGrab.swiftmodule/Project/arm64-apple-ios.swiftsourceinfo /Users/runner/work/video-grab/video-grab/build/Build/Intermediates.noindex/VideoGrab.build/Release-iphoneos/VideoGrab.build/Objects-normal/arm64/VideoGrab.swiftsourceinfo (in target 'VideoGrab' from project 'VideoGrab')
    cd /Users/runner/work/video-grab/video-grab
    builtin-copy -exclude .DS_Store -exclude CVS -exclude .svn -exclude .git -exclude .hg -resolve-src-symlinks -rename /Users/runner/work/video-grab/video-grab/build/Build/Intermediates.noindex/VideoGrab.build/Release-iphoneos/VideoGrab.build/Objects-normal/arm64/VideoGrab.swiftsourceinfo /Users/runner/work/video-grab/video-grab/build/Build/Products/Release-iphoneos/VideoGrab.swiftmodule/Project/arm64-apple-ios.swiftsourceinfo

CompileC /Users/runner/work/video-grab/video-grab/build/Build/Intermediates.noindex/VideoGrab.build/Release-iphoneos/VideoGrab.build/Objects-normal/arm64/Hook.o /Users/runner/work/video-grab/video-grab/app/Hook.m normal arm64 objective-c com.apple.compilers.llvm.clang.1_0.compiler (in target 'VideoGrab' from project 'VideoGrab')
    cd /Users/runner/work/video-grab/video-grab
    /Applications/Xcode_15.4.app/Contents/Developer/Toolchains/XcodeDefault.xctoolchain/usr/bin/clang -x objective-c -ivfsstatcache /Users/runner/work/video-grab/video-grab/build/SDKStatCaches.noindex/iphoneos17.5-21F77-f0fa7969d082b13145125136a829df3a.sdkstatcache -fmessage-length\=0 -fdiagnostics-show-note-include-stack -fmacro-backtrace-limit\=0 -fno-color-diagnostics -fmodules-prune-interval\=86400 -fmodules-prune-after\=345600 -fbuild-session-file\=/Users/runner/work/video-grab/video-grab/build/ModuleCache.noindex/Session.modulevalidation -fmodules-validate-once-per-build-session -Wnon-modular-include-in-framework-module -Werror\=non-modular-include-in-framework-module -Wno-trigraphs -Wno-missing-field-initializers -Wno-missing-prototypes -Werror\=return-type -Wdocumentation -Wunreachable-code -Wquoted-include-in-framework-header -Wno-implicit-atomic-properties -Werror\=deprecated-objc-isa-usage -Wno-objc-interface-ivars -Werror\=objc-root-class -Wno-arc-repeated-use-of-weak -Wimplicit-retain-self -Wduplicate-method-match -Wno-missing-braces -Wparentheses -Wswitch -Wunused-function -Wno-unused-label -Wno-unused-parameter -Wunused-variable -Wunused-value -Wempty-body -Wuninitialized -Wconditional-uninitialized -Wno-unknown-pragmas -Wno-shadow -Wno-four-char-constants -Wno-conversion -Wconstant-conversion -Wint-conversion -Wbool-conversion -Wenum-conversion -Wno-float-conversion -Wnon-literal-null-conversion -Wobjc-literal-conversion -Wshorten-64-to-32 -Wpointer-sign -Wno-newline-eof -Wno-selector -Wno-strict-selector-match -Wundeclared-selector -Wdeprecated-implementations -Wno-implicit-fallthrough -fstrict-aliasing -Wprotocol -Wdeprecated-declarations -Wno-sign-conversion -Winfinite-recursion -Wcomma -Wblock-capture-autoreleasing -Wstrict-prototypes -Wno-semicolon-before-method-body -Wunguarded-availability @/Users/runner/work/video-grab/video-grab/build/Build/Intermediates.noindex/VideoGrab.build/Release-iphoneos/VideoGrab.build/Objects-normal/arm64/e6072d4f65d7061329687fe24e3d63a7-common-args.resp -MMD -MT dependencies -MF /Users/runner/work/video-grab/video-grab/build/Build/Intermediates.noindex/VideoGrab.build/Release-iphoneos/VideoGrab.build/Objects-normal/arm64/Hook.d --serialize-diagnostics /Users/runner/work/video-grab/video-grab/build/Build/Intermediates.noindex/VideoGrab.build/Release-iphoneos/VideoGrab.build/Objects-normal/arm64/Hook.dia -c /Users/runner/work/video-grab/video-grab/app/Hook.m -o /Users/runner/work/video-grab/video-grab/build/Build/Intermediates.noindex/VideoGrab.build/Release-iphoneos/VideoGrab.build/Objects-normal/arm64/Hook.o
/Users/runner/work/video-grab/video-grab/app/Hook.m:56:81: warning: a function declaration without a prototype is deprecated in all versions of C [-Wstrict-prototypes]
int HookMain(int argc, char **argv, int (*realMain)(int, char **), void (*reset)()) {
                                                                                ^
                                                                                 void
1 warning generated.

Ld /Users/runner/work/video-grab/video-grab/build/Build/Products/Release-iphoneos/VideoGrab.app/VideoGrab normal (in target 'VideoGrab' from project 'VideoGrab')
    cd /Users/runner/work/video-grab/video-grab
    /Applications/Xcode_15.4.app/Contents/Developer/Toolchains/XcodeDefault.xctoolchain/usr/bin/clang -Xlinker -reproducible -target arm64-apple-ios15.0 -isysroot /Applications/Xcode_15.4.app/Contents/Developer/Platforms/iPhoneOS.platform/Developer/SDKs/iPhoneOS17.5.sdk -Os -L/Users/runner/work/video-grab/video-grab/build/Build/Intermediates.noindex/EagerLinkingTBDs/Release-iphoneos -L/Users/runner/work/video-grab/video-grab/build/Build/Products/Release-iphoneos -L/Users/runner/work/video-grab/video-grab/vendor/FFmpeg/fftools.xcframework/ios-arm64 -L/Users/runner/work/video-grab/video-grab/vendor/FFmpeg/avdevice.xcframework/ios-arm64 -L/Users/runner/work/video-grab/video-grab/vendor/FFmpeg/avfilter.xcframework/ios-arm64 -L/Users/runner/work/video-grab/video-grab/vendor/FFmpeg/avformat.xcframework/ios-arm64 -L/Users/runner/work/video-grab/video-grab/vendor/FFmpeg/avcodec.xcframework/ios-arm64 -L/Users/runner/work/video-grab/video-grab/vendor/FFmpeg/swscale.xcframework/ios-arm64 -L/Users/runner/work/video-grab/video-grab/vendor/FFmpeg/swresample.xcframework/ios-arm64 -L/Users/runner/work/video-grab/video-grab/vendor/FFmpeg/avutil.xcframework/ios-arm64 -L/Users/runner/work/video-grab/video-grab/vendor/libtorrent/lib -F/Users/runner/work/video-grab/video-grab/build/Build/Intermediates.noindex/EagerLinkingTBDs/Release-iphoneos -F/Users/runner/work/video-grab/video-grab/build/Build/Products/Release-iphoneos -filelist /Users/runner/work/video-grab/video-grab/build/Build/Intermediates.noindex/VideoGrab.build/Release-iphoneos/VideoGrab.build/Objects-normal/arm64/VideoGrab.LinkFileList -Xlinker -rpath -Xlinker @executable_path/Frameworks -dead_strip -Xlinker -object_path_lto -Xlinker /Users/runner/work/video-grab/video-grab/build/Build/Intermediates.noindex/VideoGrab.build/Release-iphoneos/VideoGrab.build/Objects-normal/arm64/VideoGrab_lto.o -fobjc-arc -fobjc-link-runtime -L/Applications/Xcode_15.4.app/Contents/Developer/Toolchains/XcodeDefault.xctoolchain/usr/lib/swift/iphoneos -L/usr/lib/swift -Xlinker -add_ast_path -Xlinker /Users/runner/work/video-grab/video-grab/build/Build/Intermediates.noindex/VideoGrab.build/Release-iphoneos/VideoGrab.build/Objects-normal/arm64/VideoGrab.swiftmodule -lfftools -lavdevice -lavfilter -lavformat -lavcodec -lswscale -lswresample -lavutil -lz -lbz2 -liconv -framework VideoToolbox -framework CoreMedia -framework AVFoundation -framework AudioToolbox -framework CoreVideo -lvideoGrabLT -lc++ -framework SystemConfiguration -framework CoreFoundation -Xlinker -dependency_info -Xlinker /Users/runner/work/video-grab/video-grab/build/Build/Intermediates.noindex/VideoGrab.build/Release-iphoneos/VideoGrab.build/Objects-normal/arm64/VideoGrab_dependency_info.dat -o /Users/runner/work/video-grab/video-grab/build/Build/Products/Release-iphoneos/VideoGrab.app/VideoGrab
duplicate symbol '_program_name' in:
    /Users/runner/work/video-grab/video-grab/vendor/FFmpeg/fftools.xcframework/ios-arm64/libfftools.a[arm64][15](ffprobe.o)
    /Users/runner/work/video-grab/video-grab/vendor/FFmpeg/fftools.xcframework/ios-arm64/libfftools.a[arm64][14](ffmpeg.o)
duplicate symbol '_show_help_default' in:
    /Users/runner/work/video-grab/video-grab/vendor/FFmpeg/fftools.xcframework/ios-arm64/libfftools.a[arm64][15](ffprobe.o)
    /Users/runner/work/video-grab/video-grab/vendor/FFmpeg/fftools.xcframework/ios-arm64/libfftools.a[arm64][8](ffmpeg_opt.o)
duplicate symbol '_program_birth_year' in:
    /Users/runner/work/video-grab/video-grab/vendor/FFmpeg/fftools.xcframework/ios-arm64/libfftools.a[arm64][15](ffprobe.o)
    /Users/runner/work/video-grab/video-grab/vendor/FFmpeg/fftools.xcframework/ios-arm64/libfftools.a[arm64][14](ffmpeg.o)

CopySwiftLibs /Users/runner/work/video-grab/video-grab/build/Build/Products/Release-iphoneos/VideoGrab.app (in target 'VideoGrab' from project 'VideoGrab')
    cd /Users/runner/work/video-grab/video-grab
    builtin-swiftStdLibTool --copy --verbose --scan-executable /Users/runner/work/video-grab/video-grab/build/Build/Products/Release-iphoneos/VideoGrab.app/VideoGrab --scan-folder /Users/runner/work/video-grab/video-grab/build/Build/Products/Release-iphoneos/VideoGrab.app/Frameworks --scan-folder /Users/runner/work/video-grab/video-grab/build/Build/Products/Release-iphoneos/VideoGrab.app/PlugIns --scan-folder /Users/runner/work/video-grab/video-grab/build/Build/Products/Release-iphoneos/VideoGrab.app/SystemExtensions --scan-folder /Users/runner/work/video-grab/video-grab/build/Build/Products/Release-iphoneos/VideoGrab.app/Extensions --platform iphoneos --toolchain /Applications/Xcode_15.4.app/Contents/Developer/Toolchains/XcodeDefault.xctoolchain --destination /Users/runner/work/video-grab/video-grab/build/Build/Products/Release-iphoneos/VideoGrab.app/Frameworks --strip-bitcode --strip-bitcode-tool /Applications/Xcode_15.4.app/Contents/Developer/Toolchains/XcodeDefault.xctoolchain/usr/bin/bitcode_strip --emit-dependency-info /Users/runner/work/video-grab/video-grab/build/Build/Intermediates.noindex/VideoGrab.build/Release-iphoneos/VideoGrab.build/SwiftStdLibToolInputDependencies.dep --filter-for-swift-os
Ignoring --strip-bitcode because --sign was not passed

WriteAuxiliaryFile /Users/runner/work/video-grab/video-grab/build/Build/Intermediates.noindex/VideoGrab.build/Release-iphoneos/VideoGrab.build/Objects-normal/arm64/VideoGrab.SwiftConstValuesFileList (in target 'VideoGrab' from project 'VideoGrab')
    cd /Users/runner/work/video-grab/video-grab
    write-file /Users/runner/work/video-grab/video-grab/build/Build/Intermediates.noindex/VideoGrab.build/Release-iphoneos/VideoGrab.build/Objects-normal/arm64/VideoGrab.SwiftConstValuesFileList

GenerateDSYMFile /Users/runner/work/video-grab/video-grab/build/Build/Products/Release-iphoneos/VideoGrab.app.dSYM /Users/runner/work/video-grab/video-grab/build/Build/Products/Release-iphoneos/VideoGrab.app/VideoGrab (in target 'VideoGrab' from project 'VideoGrab')
    cd /Users/runner/work/video-grab/video-grab
    /Applications/Xcode_15.4.app/Contents/Developer/Toolchains/XcodeDefault.xctoolchain/usr/bin/dsymutil /Users/runner/work/video-grab/video-grab/build/Build/Products/Release-iphoneos/VideoGrab.app/VideoGrab -o /Users/runner/work/video-grab/video-grab/build/Build/Products/Release-iphoneos/VideoGrab.app.dSYM

ExtractAppIntentsMetadata (in target 'VideoGrab' from project 'VideoGrab')
    cd /Users/runner/work/video-grab/video-grab
    /Applications/Xcode_15.4.app/Contents/Developer/Toolchains/XcodeDefault.xctoolchain/usr/bin/appintentsmetadataprocessor --output /Users/runner/work/video-grab/video-grab/build/Build/Products/Release-iphoneos/VideoGrab.app --toolchain-dir /Applications/Xcode_15.4.app/Contents/Developer/Toolchains/XcodeDefault.xctoolchain --module-name VideoGrab --sdk-root /Applications/Xcode_15.4.app/Contents/Developer/Platforms/iPhoneOS.platform/Developer/SDKs/iPhoneOS17.5.sdk --xcode-version 15F31d --platform-family iOS --deployment-target 15.0 --target-triple arm64-apple-ios15.0 --binary-file /Users/runner/work/video-grab/video-grab/build/Build/Products/Release-iphoneos/VideoGrab.app/VideoGrab --dependency-file /Users/runner/work/video-grab/video-grab/build/Build/Intermediates.noindex/VideoGrab.build/Release-iphoneos/VideoGrab.build/Objects-normal/arm64/VideoGrab_dependency_info.dat --stringsdata-file /Users/runner/work/video-grab/video-grab/build/Build/Intermediates.noindex/VideoGrab.build/Release-iphoneos/VideoGrab.build/Objects-normal/arm64/ExtractedAppShortcutsMetadata.stringsdata --source-file-list /Users/runner/work/video-grab/video-grab/build/Build/Intermediates.noindex/VideoGrab.build/Release-iphoneos/VideoGrab.build/Objects-normal/arm64/VideoGrab.SwiftFileList --swift-const-vals-list /Users/runner/work/video-grab/video-grab/build/Build/Intermediates.noindex/VideoGrab.build/Release-iphoneos/VideoGrab.build/Objects-normal/arm64/VideoGrab.SwiftConstValuesFileList --compile-time-extraction --deployment-aware-processing
note: Metadata extraction skipped. No AppIntents.framework dependency found. (in target 'VideoGrab' from project 'VideoGrab')

AppIntentsSSUTraining (in target 'VideoGrab' from project 'VideoGrab')
    cd /Users/runner/work/video-grab/video-grab
    /Applications/Xcode_15.4.app/Contents/Developer/Toolchains/XcodeDefault.xctoolchain/usr/bin/appintentsnltrainingprocessor --infoplist-path /Users/runner/work/video-grab/video-grab/build/Build/Products/Release-iphoneos/VideoGrab.app/Info.plist --temp-dir-path /Users/runner/work/video-grab/video-grab/build/Build/Intermediates.noindex/VideoGrab.build/Release-iphoneos/VideoGrab.build/ssu --bundle-id com.videograb.app --product-path /Users/runner/work/video-grab/video-grab/build/Build/Products/Release-iphoneos/VideoGrab.app --extracted-metadata-path /Users/runner/work/video-grab/video-grab/build/Build/Products/Release-iphoneos/VideoGrab.app/Metadata.appintents --archive-ssu-assets
2026-10-09 08:05:09.023 appintentsnltrainingprocessor[41312:101452] Parsing options for appintentsnltrainingprocessor
2026-10-09 08:05:09.024 appintentsnltrainingprocessor[41312:101452] No AppShortcuts found - Skipping.

RegisterExecutionPolicyException /Users/runner/work/video-grab/video-grab/build/Build/Products/Release-iphoneos/VideoGrab.app (in target 'VideoGrab' from project 'VideoGrab')
    cd /Users/runner/work/video-grab/video-grab
    builtin-RegisterExecutionPolicyException /Users/runner/work/video-grab/video-grab/build/Build/Products/Release-iphoneos/VideoGrab.app

Validate /Users/runner/work/video-grab/video-grab/build/Build/Products/Release-iphoneos/VideoGrab.app (in target 'VideoGrab' from project 'VideoGrab')
    cd /Users/runner/work/video-grab/video-grab
    builtin-validationUtility /Users/runner/work/video-grab/video-grab/build/Build/Products/Release-iphoneos/VideoGrab.app
warning: All interface orientations must be supported unless the app requires full screen. (in target 'VideoGrab' from project 'VideoGrab')

Touch /Users/runner/work/video-grab/video-grab/build/Build/Products/Release-iphoneos/VideoGrab.app (in target 'VideoGrab' from project 'VideoGrab')
    cd /Users/runner/work/video-grab/video-grab
    /usr/bin/touch -c /Users/runner/work/video-grab/video-grab/build/Build/Products/Release-iphoneos/VideoGrab.app

** BUILD SUCCEEDED **

xcodebuild exit code: 0
=== .app 里的松散图标 ===
-rw-r--r--  1 runner  staff  3760 Oct  9 08:05 build/Build/Products/Release-iphoneos/VideoGrab.app/AppIcon60x60@2x.png
-rw-r--r--  1 runner  staff  5398 Oct  9 08:05 build/Build/Products/Release-iphoneos/VideoGrab.app/AppIcon60x60@3x.png
-rw-r--r--  1 runner  staff  4643 Oct  9 08:05 build/Build/Products/Release-iphoneos/VideoGrab.app/AppIcon76x76@2x~ipad.png
-rw-r--r--  1 runner  staff  2509 Oct  9 08:05 build/Build/Products/Release-iphoneos/VideoGrab.app/AppIcon76x76~ipad.png
=== signing: build/Build/Products/Release-iphoneos/VideoGrab.app ===
ldid 路径: /opt/homebrew/bin/ldid
ldid: OK
build/Build/Products/Release-iphoneos/VideoGrab.app/VideoGrab: replacing existing signature
codesign: OK
=== 验证签名段 ===
1
      cmd LC_CODE_SIGNATURE
  cmdsize 16
  dataoff 35478448
found app: build/Build/Products/Release-iphoneos/VideoGrab.app
--- Payload 结构 ---
out/Payload
out/Payload/VideoGrab.app
out/Payload/VideoGrab.app/_CodeSignature
out/Payload/VideoGrab.app/_CodeSignature/CodeResources
out/Payload/VideoGrab.app/AppIcon60x60@2x.png
out/Payload/VideoGrab.app/userscript-autoplay.js
out/Payload/VideoGrab.app/AppIcon60x60@3x.png
out/Payload/VideoGrab.app/Assets.car
out/Payload/VideoGrab.app/AppIcon76x76@2x~ipad.png
out/Payload/VideoGrab.app/sniffer.js
out/Payload/VideoGrab.app/cleaner.js
out/Payload/VideoGrab.app/Info.plist
out/Payload/VideoGrab.app/VideoGrab
out/Payload/VideoGrab.app/PkgInfo
out/Payload/VideoGrab.app/AppIcon76x76~ipad.png
-rw-r--r--  1 runner  staff  13376721 Oct  9 08:05 ../VideoGrab-unsigned.ipa
